Id,Name,Url,Prefecture,LargeArea,SmallArea,Address,HotelType,Caption,Catch,LowestPrice,Latitude,Longitude,CreatedAt,UpdatedAt,TotalScore,RoomScore,BathScore,BreakfastScore,DinnerScore,ServiceScore,CleanScore,PrefectureId,CorrPositiveEntity,CorrNegativeEntity,OpCorrPositiveEntity,OpCorrNegativeEntity
300032,岡山ユニバーサルホテル別館,http://www.jalan.net/JwsRedirect.do?key=lib151e751a129&rd_key=MzAwMDMyLCwsLDEsMSwsLCwsLCwwMSwwMA==,岡山県,岡山・玉野・牛窓,岡山・玉野,岡山県岡山市北区表町３－１８－５６,ホテル,いままでこんなホテルありましたか？<BR>なんと！朝食も夕食も無料！<BR>朝食は２６種類の和洋バイキング♪<BR>夕食は毎日替わる日替定食かカレー定食のチョイス<BR>温泉大浴場と遠赤外線低温サウナもあって大満足！,朝食無料・和洋バイキング/夕食無料・日替定食/温泉＆サウナ無料,5760,34.6542347222222,133.929313888889,2018-08-09 17:03:17,2018-08-09 17:03:17,3.1,3,4,3,3,3,3,33,硬さ,風呂,風呂,硬さ
300726,津山鶴山ホテル(つやまかくざんほてる),http://www.jalan.net/JwsRedirect.do?key=lib151e751a129&rd_key=MzAwNzI2LCwsLDEsMSwsLCwsLCwwMSwwMA==,岡山県,津山・美作三湯・蒜山,津山・奥津,岡山県津山市東新町１１４－４,ホテル,【'１７年８月１日より全館禁煙に】<BR>レジャー＆ビジネスで賑わう津山の街でナンバー１を誇るシティホテル。お洒落な空間と温かなおもてなしが自慢です♪津山IC＆津山駅からもアクセス良好で駐車場無料！,【ビジネス】から【観光】まで！！くつろぎのステイを♪,4800,35.0601363888889,134.022451388889,2018-08-09 17:03:10,2018-08-09 17:03:10,3.7,4,3,4,0,3,4,33,ビジネスホテル,見晴らし,見晴らし,ビジネスホテル
301768,大芦高原温泉 雲海,http://www.jalan.net/JwsRedirect.do?key=lib151e751a129&rd_key=MzAxNzY4LCwsLDEsMSwsLCwsLCwwMSwwMA==,岡山県,津山・美作三湯・蒜山,美作・湯郷,岡山県美作市上山１７３５,ロッジ,温泉、スポーツ施設、ミニ動物園などさまざまな施設あり！<BR>名前のとおり、秋から冬の早朝には雲海を見られる日もありますよ。<BR>湖畔バンガロー、世界の国のバンガローと二種類のコテージがございます。,一棟貸切♪標高500ｍに建つ大芦高原にあるバンガローで自然を満喫,18510,34.8872161111111,134.129680277778,2018-08-09 17:03:10,2018-08-09 17:03:10,4.2,4,4,0,0,4,4,33,バーベキュー,ジャグジー,ジャグジー,バーベキュー
302000,ホテルイルマーレ牛窓,http://www.jalan.net/JwsRedirect.do?key=lib151e751a129&rd_key=MzAyMDAwLCwsLDEsMSwsLCwsLCwwMSwwMA==,岡山県,岡山・玉野・牛窓,牛窓・日生,岡山県瀬戸内市牛窓町牛窓５３８１－１,ホテル,"全室オーシャンビューの贅沢なプライベート空間－特別な感動をあなたへ。<BR>穏やかで美しい海と\晴れの国おかやま\""の牛窓へぜひお越し下さい。""",全てのお部屋から瀬戸内海一望出来る！オーシャンビューテラス付,7800,34.6103258333333,134.147221944444,2018-08-09 17:03:10,2018-08-09 17:03:10,3.9,4,3,4,5,4,4,33,スープ,世話,世話,スープ
302526,センチュリオンホテル&スパ倉敷,http://www.jalan.net/JwsRedirect.do?key=lib151e751a129&rd_key=MzAyNTI2LCwsLDEsMSwsLCwsLCwwMSwwMA==,岡山県,倉敷・総社・井笠,倉敷・児島・鷲羽山,岡山県倉敷市阿知２－４－６,ホテル,男女別大浴場（ラジウム温泉）＆サウナで体の芯からリラックス!!<BR>15時チェックイン→11時チェックアウト　ゆったりステイ♪　<BR>全室Ｗｉ－Ｆｉ接続無料＆英国王室御用達「スランバーランド」ベッド完備★,～歴史とモダンが調和したデザイナーズホテル～倉敷駅徒歩3分,2600,34.5988677777778,133.771370277778,2018-08-09 17:02:50,2018-08-09 17:02:50,3.7,4,3,3,0,3,4,33,髪,ベッド,ベッド,髪
303480,旅館 龍宮本城,http://www.jalan.net/JwsRedirect.do?key=lib151e751a129&rd_key=MzAzNDgwLCwsLDEsMSwsLCwsLCwwMSwwMA==,岡山県,岡山・玉野・牛窓,牛窓・日生,岡山県瀬戸内市牛窓町牛窓６３５２－１５,旅館,鮮度に自信！<BR>何と言ってもウリは魚屋の主人が仕入れる全て牛窓産の魚を使った料理★<BR>旬の味覚をお腹いっぱいお召し上がりいただけます。<BR>牛窓港からフェリーで5分の前島でのんびりお寛ぎ下さい。,牛窓に来てくださる皆様に美味しい魚料理を食べていただきたい！,7128,34.6057013888889,134.185160277778,2018-08-09 17:03:10,2018-08-09 17:03:10,3,3,3,4,4,4,4,33,タイプ,女将,女将,タイプ
303586,湯郷温泉 ポピースプリングス リゾート&スパ,http://www.jalan.net/JwsRedirect.do?key=lib151e751a129&rd_key=MzAzNTg2LCwsLDEsMSwsLCwsLCwwMSwwMA==,岡山県,津山・美作三湯・蒜山,美作・湯郷,岡山県美作市湯郷５３８－１,旅館,アロマが香る♪女性に人気カリフォルニアスタイルホテル◎契約農家が育てた地元野菜＆岡山和牛奈義ビーフがおススメ☆温泉スパはジャグジー＆スチームサウナが魅力！女性に嬉しいエステ・アロマテラピーも！,西海岸感じるリゾートホテル♪地元食材×温泉×アロマでリラックス,8100,34.9896055555556,134.137555555556,2018-08-09 17:02:49,2018-08-09 17:02:49,4.2,5,4,4,5,4,4,33,アロマ,スパ,スパ,アロマ
303630,岡山プラザホテル,http://www.jalan.net/JwsRedirect.do?key=lib151e751a129&rd_key=MzAzNjMwLCwsLDEsMSwsLCwsLCwwMSwwMA==,岡山県,岡山・玉野・牛窓,岡山・玉野,岡山県岡山市中区浜２―３―１２,ホテル,2014年4月1日以降、客室全室禁煙とさせて頂いております。<BR>喫煙者の皆様には、喫煙ブースをご用意させて頂いておりますので、<BR>そちらをご利用下さい。<BR>みなさまのご理解とご協力をお願い申し上げます。<BR>,後楽園・岡山城を一望できる岡山市内随一のロケーション。,5000,34.6671608333333,133.938448333333,2018-08-09 17:02:50,2018-08-09 17:02:50,4.1,4,4,4,0,4,4,33,利用,後楽園,後楽園,利用
303738,湯迫温泉 白雲閣,http://www.jalan.net/JwsRedirect.do?key=lib151e751a129&rd_key=MzAzNzM4LCwsLDEsMSwsLCwsLCwwMSwwMA==,岡山県,岡山・玉野・牛窓,岡山・玉野,岡山市中区湯迫６４４,旅館,■岡山駅より車で約20分（送迎有）■<BR>玄関をくぐるといにしえの街並みを思わせるノスタルジックな雰囲気が。<BR>自慢の温泉は湯船に趣向をこらした「大岩風呂」！<BR>毎日開催される＜舞踊ショー＞も人気です♪,男女入れ替え制お風呂でのんびり湯巡り♪歴史ある温泉と料理を堪能,8800,34.6946713888889,133.969127777778,2018-08-09 17:03:10,2018-08-09 17:03:10,3.3,4,3,4,4,3,3,33,友達,味,味,友達
303838,奥津温泉 みやま荘,http://www.jalan.net/JwsRedirect.do?key=lib151e751a129&rd_key=MzAzODM4LCwsLDEsMSwsLCwsLCwwMSwwMA==,岡山県,津山・美作三湯・蒜山,津山・奥津,岡山県苫田郡鏡野町奥津川西２４７－２,旅館,旧国道沿　花美人の里のすぐ近くに立地　名勝奥津渓　般若寺温泉　大釣温泉へは２KM　<BR>道の駅にもウオーキングで行ける。<BR>外湯巡りなど観光の拠点としても便利です。一人旅　バイク屋根あり　無料Wi-Fi,観光に・ビジネスに・湯治に。温泉を愉しむアットホーム宿,5400,35.2178388888889,133.921470555556,2018-08-09 17:03:10,2018-08-09 17:03:10,3.6,3,4,4,4,4,3,33,宿泊者,奥津温泉,奥津温泉,宿泊者
304172,ダイワロイネットホテル岡山駅前,http://www.jalan.net/JwsRedirect.do?key=lib151e751a129&rd_key=MzA0MTcyLCwsLDEsMSwsLCwsLCwwMSwwMA==,岡山県,岡山・玉野・牛窓,岡山・玉野,岡山県岡山市北区駅前町１－１－１,ホテル,全室18平米以上のゆとりの空間が魅力！<BR>岡山駅地下通路から直結、ビジネスにも観光にもご利用頂ける便利なホテルです。<BR>設備の整った広い空間でお寛ぎのひと時をお過ごしくださいませ。,じゃらんバザール参画中！限定クーポンで11月までお得に宿泊！,3700,34.6626397222222,133.922783611111,2018-08-09 17:02:49,2018-08-09 17:02:49,4.2,4,4,4,0,4,4,33,チェックイン,こと,こと,チェックイン
304174,アパホテル<岡山駅東口>,http://www.jalan.net/JwsRedirect.do?key=lib151e751a129&rd_key=MzA0MTc0LCwsLDEsMSwsLCwsLCwwMSwwMA==,岡山県,岡山・玉野・牛窓,岡山・玉野,岡山県岡山市北区下石井１－３－１２,ホテル,館内のリニューアル工事を実施しております。ご不便ご迷惑をお掛けすると存じますが、お客様への配慮等に細心の注意を払い作業に努めて参ります。何卒ご理解ご協力を賜ります様よろしくお願い申し上げます。,岡山駅から近く、閑静な立地！ビジネス・観光にロケーション抜群,2500,34.6581733333333,133.918197222222,2018-08-09 17:03:10,2018-08-09 17:03:10,2.5,3,2,3,0,3,3,33,水,イオン,イオン,水
304445,牛窓シーサイドペンションアラパパ,http://www.jalan.net/JwsRedirect.do?key=lib151e751a129&rd_key=MzA0NDQ1LCwsLDEsMSwsLCwsLCwwMSwwMA==,岡山県,岡山・玉野・牛窓,牛窓・日生,岡山県瀬戸内市牛窓町牛窓５７００－１,ペンション,『アラパパ』とは「のんびりする」「くつろぐ」の意味。「ただいまぁー」とお越し頂ければ、「おかえりなさい♪」と自然にやりとりできる気楽さが自慢の宿です♪食事は瀬戸のお魚を使った新鮮な物をご用意☆,海と釣りを愛する夫婦が営むまごころの宿☆のんびりした休日を・・,9000,34.6055366666667,134.170210833333,2018-08-09 17:03:10,2018-08-09 17:03:10,5,4,3,4,5,5,4,33,御飯,夕飯,夕飯,御飯
305096,割烹旅館 川源,http://www.jalan.net/JwsRedirect.do?key=lib151e751a129&rd_key=MzA1MDk2LCwsLDEsMSwsLCwsLCwwMSwwMA==,岡山県,岡山・玉野・牛窓,牛窓・日生,岡山県瀬戸内市牛窓町牛窓３００３,旅館,鮮度にこだわり抜いた海鮮料理、畳の香りと木の温もりが滞在中の時間を演出。のんびりとした時間をご家族・ご夫婦で心行くまでお楽しみ下さい。他では味わえない料理が、思い出のひとつに残りますように・・,海の間際に佇む創業百二十年の伝統ある隠れ宿！,13500,34.6108733333333,134.168160833333,2018-08-09 17:03:10,2018-08-09 17:03:10,4,4,4,3,4,4,4,33,夕焼け,準備,準備,夕焼け
305330,岡山空港温泉レスパール藤ヶ鳴,http://www.jalan.net/JwsRedirect.do?key=lib151e751a129&rd_key=MzA1MzMwLCwsLDEsMSwsLCwsLCwwMSwwMA==,岡山県,岡山・玉野・牛窓,岡山・玉野,岡山県岡山市北区菅野３３９９－１,ホテル,お泊りの方だけの贈り物。朝陽が昇る瞬間の神々しさは格別です。特に春の早朝には、雲海が見える日があります。日替りで楽しめる25種類もの温泉とサウナもあり、山でかく汗は心身を清めます！,山の癒し、山の温泉。岡山空港から5分の絶景　癒し空間へ！！,6000,34.7574097222222,133.872540277778,2018-08-09 17:03:10,2018-08-09 17:03:10,3.4,3,4,3,3,3,3,33,バイキング,浴場,浴場,バイキング
305520,新見 グランドホテルみよしや,http://www.jalan.net/JwsRedirect.do?key=lib151e751a129&rd_key=MzA1NTIwLCwsLDEsMSwsLCwsLCwwMSwwMA==,岡山県,高梁・新見・吉備高原,新見・阿哲,岡山県新見市高尾２４５６,ホテル,新見駅に１番近く、新見市の中心に位置し、ビジネスに観光に最適!!　洋室にシモンズベッド、全室に加湿空気清浄器、ウォシュレット、無線・有線ＬＡＮ　※ご連絡がない場合の最終チェックイン及び門限は24時,新見駅より徒歩１分、新見ＩＣより１ｋｍ　ビジネスや観光に最適！,5400,34.9854630555556,133.460138611111,2018-08-09 17:02:50,2018-08-09 17:02:50,3.8,4,4,3,0,3,4,33,出発,次回,次回,出発
305544,Ile d'or Cafe&Guesthouse,http://www.jalan.net/JwsRedirect.do?key=lib151e751a129&rd_key=MzA1NTQ0LCwsLDEsMSwsLCwsLCwwMSwwMA==,岡山県,倉敷・総社・井笠,総社・井原・笠岡,岡山県笠岡市飛島６０５０－１,民宿,瀬戸内海の離島。なーんにもない島。あるのは美しい朝陽と夕陽、島民の暖かい笑顔、聴こえて来るのは波の音と小鳥の声。小さな静かな島で心と身体のリラックス＆リセットして下さい。,アイランドリトリート何もない島でゆっくりと心と体に贅沢な時間を,5500,34.3345180555556,133.509778611111,2018-08-09 17:02:50,2018-08-09 17:02:50,4.6,4,3,4,5,5,5,33,流れ,夕陽,夕陽,流れ
305616,サン・ピーチ OKAYAMA,http://www.jalan.net/JwsRedirect.do?key=lib151e751a129&rd_key=MzA1NjE2LCwsLDEsMSwsLCwsLCwwMSwwMA==,岡山県,岡山・玉野・牛窓,岡山・玉野,岡山県岡山市北区駅前町２－３－３１,ホテル,岡山駅より徒歩7分と好立地。日本三名園のひとつ岡山後楽園や岡山城へのアクセスも便利。客室とは別に男女別々のお風呂やリラクゼーションコーナー、無料でご利用頂ける全自動洗濯乾燥機などもご用意。,岡山駅前に立地し観光やビジネスに最適なホテル　館内設備も充実！,6415,34.6652480555556,133.923532777778,2018-08-09 17:02:50,2018-08-09 17:02:50,4.3,4,4,5,4,4,4,33,駐車,脱衣場,脱衣場,駐車
306418,パークサイドヴィラ倉敷,http://www.jalan.net/JwsRedirect.do?key=lib151e751a129&rd_key=MzA2NDE4LCwsLDEsMSwsLCwsLCwwMSwwMA==,岡山県,倉敷・総社・井笠,倉敷・児島・鷲羽山,岡山県倉敷市酒津１６６４－３,ホテル,閑静な環境に建つ全９室の小さなホテル。<BR>お子様とご一緒の家族旅行や気軽な友達との旅行にはオススメですっ（^^）<BR>もちろんビジネスもＯＫ！<BR>観光や出張の際にも最適です♪<BR>喫煙所は1階にございます。,駐車場無料で嬉しいね！　静かな環境の小さなホテルで快適ステイ♪,3564,34.6097844444444,133.753435833333,2018-08-09 17:03:10,2018-08-09 17:03:10,3.8,4,4,4,4,4,4,33,川,コーヒー,コーヒー,川
306700,蒜山の貸別荘 モンペリエ コテージ,http://www.jalan.net/JwsRedirect.do?key=lib151e751a129&rd_key=MzA2NzAwLCwsLDEsMSwsLCwsLCwwMSwwMA==,岡山県,津山・美作三湯・蒜山,湯原・蒜山高原,岡山県真庭市蒜山富山根６９５－８３,貸別荘,蒜山高原の個人の別荘をコテージとして1棟貸しなので<BR>設備も広々と充実。<BR>お友達家族とリーズナブルに、カップルやご夫婦でゆったりと贅沢に！<BR>宿泊料金は、素泊まり１棟貸しの設定になっています。,高原の中のナチュラルカントリーなおうち【素泊まり/１棟貸し】,27000,35.2972647222222,133.666833333333,2018-08-09 17:03:10,2018-08-09 17:03:10,5,5,0,0,0,5,5,33,観光,泊まり,泊まり,観光
307005,ホテル瀬戸大橋,http://www.jalan.net/JwsRedirect.do?key=lib151e751a129&rd_key=MzA3MDA1LCwsLDEsMSwsLCwsLCwwMSwwMA==,岡山県,倉敷・総社・井笠,倉敷・児島・鷲羽山,倉敷市児島塩生３７７７,ホテル,快適さを追求したリゾート感覚のホテルとお風呂及びレジャーのパラダイス、スパリゾートがなんとひとつにっ！仕事や旅の疲れを芯から癒し、のんびり気分に思う存分ひたる上質のひとときを楽しめる。,綺麗なお部屋＆1２種のお風呂とサウナを満喫できるスパも隣接！,5000,34.4874027777778,133.773694722222,2018-08-09 17:02:50,2018-08-09 17:02:50,4.2,4,4,4,4,4,4,33,夕食,プール,プール,夕食
307317,セントラルホテル岡山,http://www.jalan.net/JwsRedirect.do?key=lib151e751a129&rd_key=MzA3MzE3LCwsLDEsMSwsLCwsLCwwMSwwMA==,岡山県,岡山・玉野・牛窓,岡山・玉野,岡山県岡山市北区田町１－１０－２８,ホテル,岡山繁華街へも徒歩近くホテル前には公園や川が流れる閑静な立地。Sertaのベッドマットレス、靴を脱ぐ仕様の室内も好評★加湿空気清浄機★WiFi★枕元USBコンセント★個別空調完備★無料コーヒーサービス有。,ホテル前には子供達が遊ぶ公園や川が流れ、飲・食にも便利な立地♪,2750,34.6572641666667,133.925829722222,2018-08-09 17:02:50,2018-08-09 17:02:50,3.9,4,3,4,0,4,4,33,岡山駅,岡山,岡山,岡山駅
307562,アビスイン岡山,http://www.jalan.net/JwsRedirect.do?key=lib151e751a129&rd_key=MzA3NTYyLCwsLDEsMSwsLCwsLCwwMSwwMA==,岡山県,岡山・玉野・牛窓,岡山・玉野,岡山県岡山市北区大供１－３－１０,ホテル,●駐車料金８００円→５００円とさせていただきます。（領収証は別途用意致します）<BR>●好評！日替わり朝食サービス（パン・ドリンクもございます）<BR>●１Ｆ、ＦＲＥＥ　ＳＰＯＴ対応<BR>,市役所・ビジネス街横の好立地！繁華街が目の前！駐車場完備！,2990,34.6527836111111,133.9252875,2018-08-09 17:02:50,2018-08-09 17:02:50,3.6,3,3,4,0,4,3,33,カビ,フロント,フロント,カビ
307615,高原の貸別荘 蒜山倶楽部Nadja,http://www.jalan.net/JwsRedirect.do?key=lib151e751a129&rd_key=MzA3NjE1LCwsLDEsMSwsLCwsLCwwMSwwMA==,岡山県,津山・美作三湯・蒜山,湯原・蒜山高原,岡山県真庭市蒜山下福田１－１０３,貸別荘,蒜山高原に佇む<BR>　「オーベルジュタイプ(ペットＮＧ！）」＆<BR>　「ログハウスタイプ　（ペットＯＫ！）」の別荘を貸切！<BR>春の新緑・夏は避暑・秋は紅葉・冬は雪景色、<BR>四季の美しい蒜山高原を楽しみ下さい。,蒜山三座を望む、極上の貸別荘（3棟）で蒜山高原を満喫！,6300,35.2931941666667,133.673945833333,2018-08-09 17:02:50,2018-08-09 17:02:50,5,5,5,0,0,5,5,33,BBQ,天気,天気,BBQ
308502,休暇村 蒜山高原,http://www.jalan.net/JwsRedirect.do?key=lib151e751a129&rd_key=MzA4NTAyLCwsLDEsMSwsLCwsLCwwMSwwMA==,岡山県,津山・美作三湯・蒜山,湯原・蒜山高原,岡山県真庭市蒜山上福田１２０５－２８１,旅館,山並みの美しい蒜山三座の南山麓、標高５００ｍに広がる蒜山高原。肌にしっとり残る天然温泉と料理が自慢のリゾート。新緑・避暑・紅葉・スキーなど四季を通じて楽しめる高原です！,地元食材を使った料理が自慢！蒜山三座を仰ぐ天然温泉の高原宿,6800,35.2919669444444,133.632851111111,2018-08-09 17:02:49,2018-08-09 17:02:49,4.3,4,4,4,4,4,4,33,種類,蒜山,蒜山,種類
309298,愛犬同伴蒜山貸し別荘JUNログ,http://www.jalan.net/JwsRedirect.do?key=lib151e751a129&rd_key=MzA5Mjk4LCwsLDEsMSwsLCwsLCwwMSwwMA==,岡山県,津山・美作三湯・蒜山,湯原・蒜山高原,岡山県真庭市蒜山西茅部２８８－２２,貸別荘,●ＪＵＮログ貸別荘まること１棟★お部屋と２０平米のウッドデッキがつながって広々！２～６人●ＪＵＮログ２貸別荘まること１棟★本格的なフィンランドパインのログハウス　２～８人　ペットは何頭でも無料,蒜山高原の大自然で愛犬といっしょに別荘ライフを楽しみませんか？,4667,35.2633708333333,133.660615833333,2018-08-09 17:03:10,2018-08-09 17:03:10,0,0,0,0,0,0,0,33,None,None,None,None
309335,和味の宿 ラ・フォーレ吹屋,http://www.jalan.net/JwsRedirect.do?key=lib151e751a129&rd_key=MzA5MzM1LCwsLDEsMSwsLCwsLCwwMSwwMA==,岡山県,高梁・新見・吉備高原,高梁・川上・成羽,岡山県高梁市成羽町吹屋６１１,ホテル,自然に囲まれ、昔の町並みが残るレトロタウン吹屋まで徒歩で約3分！<BR>お土産物や飲食店、ベンガラ染めの工房などが並びタイムスリップしたかの様な吹屋は<BR>情緒があふれ、魅力いっぱいの町です！<BR>,■■一度は吹屋へ行ってみよう！■■≪町並みまで徒歩約3分♪≫,4860,34.8603688888889,133.542254166667,2018-08-09 17:02:50,2018-08-09 17:02:50,3.6,3,3,3,4,4,4,33,散歩,子供たち,子供たち,散歩
309424,民宿 青島,http://www.jalan.net/JwsRedirect.do?key=lib151e751a129&rd_key=MzA5NDI0LCwsLDEsMSwsLCwsLCwwMSwwMA==,岡山県,岡山・玉野・牛窓,牛窓・日生,岡山県瀬戸内市牛窓町牛窓5405-2,民宿,★オーシャンビューの当店は、牛窓ヨットハーバーから徒歩すぐ★<BR><BR>【朝です！生だ旅サラダ】　でも紹介された、～あなご料理専門店～　<BR>　《スポーツ合宿にも最適なお手軽プランもご用意♪》,岡山/牛窓で【あなご料理】が一番有名な店!!!,4280,34.612645,134.149489166667,2018-08-09 17:03:10,2018-08-09 17:03:10,0,0,0,0,0,0,0,33,None,None,None,None
309699,くらしき 山陽ハイツ,http://www.jalan.net/JwsRedirect.do?key=lib151e751a129&rd_key=MzA5Njk5LCwsLDEsMSwsLCwsLCwwMSwwMA==,岡山県,倉敷・総社・井笠,倉敷・児島・鷲羽山,岡山県倉敷市有城１２６５,ホテル,当館はJR倉敷駅より約5km・美観地区より約4kmの観光・ビジネスに大変便利な位置にございます。100台以上の無料駐車場やカラオケルームも完備しております。,くらしきの青空と緑が広がる小高い丘の上でお待ち致しております,5010,34.5729980555556,133.800926944444,2018-08-09 17:03:10,2018-08-09 17:03:10,3.5,3,4,3,3,4,3,33,機会,素泊まり,素泊まり,機会
309755,ホテルセントイン倉敷ビジネス別館,http://www.jalan.net/JwsRedirect.do?key=lib151e751a129&rd_key=MzA5NzU1LCwsLDEsMSwsLCwsLCwwMSwwMA==,岡山県,倉敷・総社・井笠,倉敷・児島・鷲羽山,岡山県倉敷市玉島乙島７１３０－１,ホテル,玉島ICから車で15分。<BR>玉島ハーバーランド・水島工業地帯アクセス良好！<BR>駐車場・ＶＯＤが無料のビジネスホテルです♪<BR>お仕事や観光の拠点に最適です♪<BR>（本館とは異なる場所です）<BR>,新倉敷・玉島・水島エリアへ！宿泊に特化したビジネスホテル♪,4750,34.5316069444444,133.684484166667,2018-08-09 17:03:10,2018-08-09 17:03:10,3.6,4,3,5,0,4,3,33,意外,理由,理由,意外
310236,岡山ビジネスホテルアネックス,http://www.jalan.net/JwsRedirect.do?key=lib151e751a129&rd_key=MzEwMjM2LCwsLDEsMSwsLCwsLCwwMSwwMA==,岡山県,岡山・玉野・牛窓,岡山・玉野,岡山県岡山市北区本町９番１６号,ホテル,岡山駅から徒歩5分。市内のビジネスエリアへのアクセスも抜群で、リピーターのお客様も多数！週末もカップルを中心に観光利用の方にも人気。ロビー・客室から≪Ｗｉ－Ｆｉ≫無料接続できます。,朝食が人気のビジネスホテル♪ご出張に便利な立地も好評！,4500,34.6607813888889,133.924861944444,2018-08-09 17:03:10,2018-08-09 17:03:10,3.2,3,3,3,0,3,3,33,換気扇,岡山駅,岡山駅,換気扇
310477,湯原温泉 八景 ～50種類以上の野菜が味わえる料理のお宿～,http://www.jalan.net/JwsRedirect.do?key=lib151e751a129&rd_key=MzEwNDc3LCwsLDEsMSwsLCwsLCwwMSwwMA==,岡山県,津山・美作三湯・蒜山,湯原・蒜山高原,岡山県真庭市豊栄１５７２,旅館,料理の鉄人で活躍した料理長が腕をふるう！素材の味を活かしたお料理でリピーター率30％超！お野菜主役の会席料理とお出汁の味を存分にお楽しみあれ。４月は桜バス、６月は蛍バスでスポットへご案内,"野菜が主役の\やさしい\""山里料理。お食事重視なら迷わず八景！""",7560,35.2018661111111,133.734374444444,2018-08-09 17:02:49,2018-08-09 17:02:49,4.3,4,4,5,5,4,4,33,卵,砂湯,砂湯,卵
310600,藤ヶ鳴別荘 四季のかばん,http://www.jalan.net/JwsRedirect.do?key=lib151e751a129&rd_key=MzEwNjAwLCwsLDEsMSwsLCwsLCwwMSwwMA==,岡山県,岡山・玉野・牛窓,岡山・玉野,岡山県岡山市北区菅野３３９９－１,貸別荘,うちの子（愛犬）を連れて旅行に行きたい♪<BR>四季のかばんは愛犬とご一緒に非日常的な空間をお楽しみいただけ、天空風呂からの眺望は絶景です。本館「レスパール藤ヶ鳴」の温泉もお入りいただけます。,大自然の中で、ゆったりとお過ごしいただけます。,4167,34.7573208333333,133.872522222222,2018-08-09 17:03:10,2018-08-09 17:03:10,3.7,4,4,3,4,4,4,33,ロフト,方,方,ロフト
310900,ペンションクロワッサン,http://www.jalan.net/JwsRedirect.do?key=lib151e751a129&rd_key=MzEwOTAwLCwsLDEsMSwsLCwsLCwwMSwwMA==,岡山県,岡山・玉野・牛窓,牛窓・日生,岡山県瀬戸内市牛窓町鹿忍６４２０－５,ペンション,陽光の中、小鳥のさえずり、貸しきり風呂で海を眺めながらバスタイム。<BR>貴方のリラックスタイムのお手伝い。<BR>ただいまの気分でお越しください。<BR>,瀬戸内海一望。自然満喫、芝生でのんびり！,4104,34.5982286111111,134.137541666667,2018-08-09 17:03:17,2018-08-09 17:03:17,4.5,4,4,5,4,5,4,33,景色,焼きたてパン,焼きたてパン,景色
311004,高原のお宿 さかた,http://www.jalan.net/JwsRedirect.do?key=lib151e751a129&rd_key=MzExMDA0LCwsLDEsMSwsLCwsLCwwMSwwMA==,岡山県,津山・美作三湯・蒜山,湯原・蒜山高原,岡山県真庭市蒜山上福田１２０５―２４１,ペンション,蒜山の大自然の豊かな表情に魅せられて、ゆとりのひとときを、心行くまで満喫できるオレンジ色の屋根のペンション。ボリューム満点の美味しい手作り料理や家族的な雰囲気で、ゆっくりとくつろげる。,蒜山高原センターまで徒歩５分！手作り料理で家族的な雰囲気,9500,35.2854269444444,133.640734722222,2018-08-09 17:03:10,2018-08-09 17:03:10,0,0,0,0,0,0,0,33,None,None,None,None
311069,シティホテル池田,http://www.jalan.net/JwsRedirect.do?key=lib151e751a129&rd_key=MzExMDY5LCwsLDEsMSwsLCwsLCwwMSwwMA==,岡山県,岡山・玉野・牛窓,岡山・玉野,岡山県岡山市北区磨屋町６－１５,ホテル,岡山駅より徒歩8分！無料駐車場有♪<BR>周辺にレストランや居酒屋が多数あり<BR>岡山の味を満喫いただけます！<BR>コンヒ゛ニも近くて便利♪<BR>リーソ゛ナフ゛ルなフ°ランを利用して便利でお得な街中ステイを♪,アットホームなホテルで旅の疲れを癒してください,3600,34.6607425,133.927219166667,2018-08-09 17:03:10,2018-08-09 17:03:10,3.5,3,3,5,0,4,3,33,繁華街,築年数,築年数,繁華街
311075,ペンションてふてふ,http://www.jalan.net/JwsRedirect.do?key=lib151e751a129&rd_key=MzExMDc1LCwsLDEsMSwsLCwsLCwwMSwwMA==,岡山県,倉敷・総社・井笠,倉敷・児島・鷲羽山,岡山県倉敷市児島通生19,ペンション,ハーブの花束が浮くお風呂に入り、料理教室の講師をしているオーナー自慢のハーブステーキを堪能できる。極めつけは、ハーブの花がそのまま入ったマロー茶と、ミントの葉がふんだに使われたミント茶。,Wi-Fi完備！ハーブが香る自然に囲まれた癒しのペンション,4320,34.4608008333333,133.775383055556,2018-08-09 17:03:10,2018-08-09 17:03:10,4.4,3,4,4,5,4,4,33,使い方,目的,目的,使い方
311204,フォーシーズン湯郷,http://www.jalan.net/JwsRedirect.do?key=lib151e751a129&rd_key=MzExMjA0LCwsLDEsMSwsLCwsLCwwMSwwMA==,岡山県,津山・美作三湯・蒜山,美作・湯郷,岡山県美作市湯郷８７８－１,ペンション,♪名湯『鷺温泉』まで徒歩約５分♪<BR>「夜は温泉街で外食を楽しみたい」「宿代は安くおさめたい」などニーズに合わせてご利用頂けます。温泉街で楽しんだ後は、当ホテルでゆっくりおやすみ下さいませ。,ペンション風のホテルで、旅行やビジネス等にご利用頂けます♪,4860,34.9878563888889,134.135816388889,2018-08-09 17:03:17,2018-08-09 17:03:17,3,3,3,2,2,3,3,33,感じ,値段,値段,感じ
311748,レガロホテル岡山,http://www.jalan.net/JwsRedirect.do?key=lib151e751a129&rd_key=MzExNzQ4LCwsLDEsMSwsLCwsLCwwMSwwMA==,岡山県,岡山・玉野・牛窓,岡山・玉野,岡山県岡山市北区本町８－３,ホテル,岡山駅から徒歩５分、繁華街も近く好立地。<BR>広めの客室でゆったりサイズのベッドでリラックス。<BR>マッサージチェア有のフィットネス完備☆(御宿泊者利用無料),駅近・好立地!!ひとまわり大きなベッドでゆったり快眠♪,3300,34.6613566666667,133.924363888889,2018-08-09 17:02:50,2018-08-09 17:02:50,3.8,4,3,4,0,4,4,33,岡山,岡山駅,岡山駅,岡山
312468,美作三湯奇蹟の湯 奥津温泉ホテル 米屋倶楽部,http://www.jalan.net/JwsRedirect.do?key=lib151e751a129&rd_key=MzEyNDY4LCwsLDEsMSwsLCwsLCwwMSwwMA==,岡山県,津山・美作三湯・蒜山,津山・奥津,岡山県苫田郡鏡野町奥津１９６－５,旅館,中国道「院庄ＩＣ」から車で２０分。津山から車で約４０分。岡山県北にある美作三湯のひとつ「奥津温泉」。美作三湯の中でお湯が一番良いと評価が高い温泉。全室禁煙室、ウォシュレット・Wi-Fi対応。,奥津温泉　自家泉源の人気ナンバーワンホテル,3000,35.2210491666667,133.924251944444,2018-08-09 17:02:49,2018-08-09 17:02:49,4.3,4,5,4,5,4,4,33,肉,肌,肌,肉
312513,ペンション アンフォーラ,http://www.jalan.net/JwsRedirect.do?key=lib151e751a129&rd_key=MzEyNTEzLCwsLDEsMSwsLCwsLCwwMSwwMA==,岡山県,岡山・玉野・牛窓,牛窓・日生,岡山県瀬戸内市牛窓町鹿忍６１０１－１７,ペンション,瀬戸内海・小豆島を見渡せる高台にあり、海水浴場は車で5分の自然豊かなペンション。お庭の手造り炉での炭焼きバーベキューや冬場は地元産の新鮮カキを使ったフルコース（生カキ有）が味わえる。,冬は新鮮カキのフルコース　夏はお庭での炭焼きバーベキューも人気,4300,34.6004861111111,134.123875,2018-08-09 17:03:10,2018-08-09 17:03:10,4,4,3,3,4,4,4,33,掃除,牡蠣,牡蠣,掃除
312684,鷲羽ハイランドホテル,http://www.jalan.net/JwsRedirect.do?key=lib151e751a129&rd_key=MzEyNjg0LCwsLDEsMSwsLCwsLCwwMSwwMA==,岡山県,倉敷・総社・井笠,倉敷・児島・鷲羽山,岡山県倉敷市下津井吹上３０３－１７,旅館,瀬戸大橋を一望できる【空中露天風呂】とご宿泊者専用【はちみつパール風呂】が自慢の宿。瀬戸内の新鮮な海山の幸で舌鼓み♪全館オーシャンビュー蛸の活き造りショーや鬼面太鼓ショーも必見！館内無料WI-FI,全室オーシャンビュー！2017年4月22日本館客室リニューアルOPEN,10260,34.4415269444444,133.801303888889,2018-08-09 17:02:49,2018-08-09 17:02:49,4.4,4,4,4,5,4,4,33,瀬戸大橋,ショー,ショー,瀬戸大橋
312864,倉敷せとうち児島ホテル,http://www.jalan.net/JwsRedirect.do?key=lib151e751a129&rd_key=MzEyODY0LCwsLDEsMSwsLCwsLCwwMSwwMA==,岡山県,倉敷・総社・井笠,倉敷・児島・鷲羽山,岡山県倉敷市下津井吹上３０３－５３,ホテル,瀬戸内海国立公園を見渡せるロケーションに新レストラン「ＴＨＥ　ＳＵＲＦ＆ＴＵＲＦ」が２０１５年１２月23日オープン！瀬戸内海の絶景と共に熟成牛ステーキとロブスターをお楽しみ下さい<BR>,瀬戸内海、瀬戸大橋を眼下に夕景を愛でる至福のひととき,6480,34.4414680555556,133.804191111111,2018-08-09 17:02:50,2018-08-09 17:02:50,4.2,4,4,5,5,4,4,33,瀬戸内海,洋食,洋食,瀬戸内海
312975,ANAクラウンプラザホテル岡山,http://www.jalan.net/JwsRedirect.do?key=lib151e751a129&rd_key=MzEyOTc1LCwsLDEsMSwsLCwsLCwwMSwwMA==,岡山県,岡山・玉野・牛窓,岡山・玉野,岡山県岡山市北区駅元町１５－１,ホテル,JR岡山駅から連絡橋(屋根付き)にて徒歩1分。ホテル最上階で愉しむ朝食は約80種類もあり好評です。またクラウンプラザオリジナル快眠プログラム「スリープアドバンテージ」で快適な睡眠を。Wi-fi全室無料。,JR岡山駅より直結。全室完備のスリープアドバンテージ。Wi-fi完備,5255,34.6634280555556,133.918786388889,2018-08-09 17:02:49,2018-08-09 17:02:49,4.2,4,4,4,0,4,4,33,特典,プレミアムフロア,プレミアムフロア,特典
313335,福岡屋旅館,http://www.jalan.net/JwsRedirect.do?key=lib151e751a129&rd_key=MzEzMzM1LCwsLDEsMSwsLCwsLCwwMSwwMA==,岡山県,岡山・玉野・牛窓,牛窓・日生,岡山県瀬戸内市牛窓町牛窓４３７４,旅館,VISAカードも使えて身軽の旅は福岡屋旅館へ地物牛窓の美味しいお魚自家菜園野菜入りの和膳の御馳走と心やすらぐ和室お食事は個室でどうぞ。0歳児料無料　家族風呂も人気です　近くの港を爽やかな潮風と散策,人気のホームページ福岡屋旅館ちょっと楽しいよ　VISAカードもＯＫ,5500,34.6149261111111,134.160332222222,2018-08-09 17:02:50,2018-08-09 17:02:50,4.3,4,4,4,5,5,4,33,頭,禁煙,禁煙,頭
313500,ホテル・アルファ－ワン津山,http://www.jalan.net/JwsRedirect.do?key=lib151e751a129&rd_key=MzEzNTAwLCwsLDEsMSwsLCwsLCwwMSwwMA==,岡山県,津山・美作三湯・蒜山,津山・奥津,岡山県津山市大谷１９０―１６,ホテル,※４月１日以降のご宿泊には、８％の消費税を含む総額による表示を行っております。（当サイトシステムの都合上、一部画面では実際の室料（本体価格）とは異なりますので、予めご了承下さいませ。）,JR津山駅に隣接。中国道津山ICからは車で約10分。,6000,35.0515597222222,134.004533611111,2018-08-09 17:02:50,2018-08-09 17:02:50,4,4,4,4,3,4,4,33,レディースフロア,駐車場,駐車場,レディースフロア
313703,ビジネスホテル新子,http://www.jalan.net/JwsRedirect.do?key=lib151e751a129&rd_key=MzEzNzAzLCwsLDEsMSwsLCwsLCwwMSwwMA==,岡山県,岡山・玉野・牛窓,岡山・玉野,岡山県岡山市北区錦町１－１４,ホテル,平成29年1月～　全室リニューアルしました!!<BR>シモンズベッド、空気清浄機、無料Wifi完備<BR><BR>プレミアムフライデーはホテルで過ごそう<BR>先着３０名様、粗品あり<BR><BR>※フロントではクレジットカード利用不可,経済性、安全性、便利性　３拍子揃った岡山駅徒歩５分のホテル！,3400,34.6601586111111,133.922794722222,2018-08-09 17:03:10,2018-08-09 17:03:10,3.5,3,3,0,0,4,3,33,モール,コバエ,コバエ,モール
313750,国民宿舎 サンロード吉備路,http://www.jalan.net/JwsRedirect.do?key=lib151e751a129&rd_key=MzEzNzUwLCwsLDEsMSwsLCwsLCwwMSwwMA==,岡山県,倉敷・総社・井笠,総社・井原・笠岡,岡山県総社市三須８２５－１,旅館,岡山県総社市にある公共の宿。周辺には備中国分寺や井山宝福寺など歴史巡りができ、倉敷美観地区、三井アウトレットパーク倉敷からお車で約20分です。敷地内には、朝市『サン直』・タンチョウと見所満載です,吉備の国総社！歴史・文化が薫る！吉備路のミステリーを巡る旅＾＾,7020,34.6668866666667,133.772829444444,2018-08-09 17:02:50,2018-08-09 17:02:50,4,4,4,4,4,4,4,33,果物,夕食,夕食,果物
313836,リ－セントカルチャ－ホテル,http://www.jalan.net/JwsRedirect.do?key=lib151e751a129&rd_key=MzEzODM2LCwsLDEsMSwsLCwsLCwwMSwwMA==,岡山県,岡山・玉野・牛窓,岡山・玉野,岡山県岡山市北区学南町１－３－２,ホテル,岡山駅と市の繁華街へは車で5分。スタジアム・アリーナの東側に位置し、岡山ICからも10分と観光・ビジネスともに便利な立地です。駐車場も普通乗用車なら無料（普通車以外不可）。Wi-Fi接続も無料です。,岡山駅とアリーナに近く、スタジアムの東側に面しています。,6000,34.6760372222222,133.924255277778,2018-08-09 17:02:50,2018-08-09 17:02:50,4.3,5,4,4,0,4,4,33,結婚式場,タクシー,タクシー,結婚式場
313918,津山セントラルホテルタウンハウス(BBHホテルグループ),http://www.jalan.net/JwsRedirect.do?key=lib151e751a129&rd_key=MzEzOTE4LCwsLDEsMSwsLCwsLCwwMSwwMA==,岡山県,津山・美作三湯・蒜山,津山・奥津,岡山県津山市大手町２－２,ホテル,ご宿泊のお客様限定♪♪全プラン無料朝食サービス付き♪♪<BR>6：30～9：00（最終入店8：45）<BR>◆◇◆全国約100店舗展開中のBBHホテルグループ◆◇◆,津山の中心部に位置しており、観光にもビジネスにも便利です！,3974,35.0569844444444,134.006831944444,2018-08-09 17:03:10,2018-08-09 17:03:10,3.4,3,3,4,0,4,3,33,使い方,立地,立地,使い方
314482,ベネフィットホテル岡山1,http://www.jalan.net/JwsRedirect.do?key=lib151e751a129&rd_key=MzE0NDgyLCwsLDEsMSwsLCwsLCwwMSwwMA==,岡山県,岡山・玉野・牛窓,岡山・玉野,岡山県岡山市北区駅前町２－６－１２,ホテル,アットホームがコンセプトのホテル。岡山駅前の好立地。長期滞在ウィークリー・マンスリーも別館にて対応可能(要問い合わせ),岡山駅より徒歩８分★好立地でアットホームなホテル★,3200,34.6648519444444,133.924815833333,2018-08-09 17:03:10,2018-08-09 17:03:10,2.9,3,3,2,0,3,3,33,岡山駅,ミニキッチン,ミニキッチン,岡山駅
314512,The Hotel Limani & Spa(日本のエーゲ海牛窓 ホテルリマーニ),http://www.jalan.net/JwsRedirect.do?key=lib151e751a129&rd_key=MzE0NTEyLCwsLDEsMSwsLCwsLCwwMSwwMA==,岡山県,岡山・玉野・牛窓,牛窓・日生,岡山県瀬戸内市牛窓町牛窓３９００,ホテル,40平米のオーシャンビュー客室で過ごす至福の時間。瀬戸内海の旬の食材と、心のこもったおもてなしで多忙な毎日を少しお休み。日本のエーゲ海、牛窓の本格リゾートホテルで心ゆくまでお寛ぎください。,瀬戸内海を一望できるリゾートホテル。ヨットクルーズも人気！,7560,34.6132088888889,134.165548611111,2018-08-09 17:02:49,2018-08-09 17:02:49,4.3,4,4,5,4,4,4,33,牛窓,夕食,夕食,牛窓
315368,鷺の巣温泉湯本屋旅館,http://www.jalan.net/JwsRedirect.do?key=lib151e751a129&rd_key=MzE1MzY4LCwsLDEsMSwsLCwsLCwwMSwwMA==,岡山県,津山・美作三湯・蒜山,津山・奥津,岡山県加賀郡吉備中央町竹荘４９２－２,旅館,吉備津彦命が負傷者を入湯させ効き目があったという言い伝えが残されている「鷺の巣温泉」の湯を楽しめる唯一の宿。小さい宿ならではの柔軟でアットホームなサービスが好評です。のんびりとお寛ぎください。,岡山中部・吉備高原に佇む一軒宿。歴史ある鷺の巣温泉で湯ったり,5500,34.8584472222222,133.6938625,2018-08-09 17:03:10,2018-08-09 17:03:10,4,5,5,4,4,4,5,33,コメント,帰り,帰り,コメント
315385,ペンション みきのや,http://www.jalan.net/JwsRedirect.do?key=lib151e751a129&rd_key=MzE1Mzg1LCwsLDEsMSwsLCwsLCwwMSwwMA==,岡山県,津山・美作三湯・蒜山,湯原・蒜山高原,真庭市蒜山上福田１２００－４,ペンション,三木ヶ原牧場の近く。ファミリーツアーの宿。登山、健康ウォーク、ハイキング、サイクリング、に最適。夜は満点の星空です。近くの森には、カブトムシ、チョウやセミ、小鳥と、自然が、いっぱいです。,蒜山高原の中心、窓からは中国山地の山並みや雲海がよく見える,5400,35.2875122222222,133.635227222222,2018-08-09 17:03:10,2018-08-09 17:03:10,3.6,2,4,4,4,4,4,33,ヨーグルト,しょう,しょう,ヨーグルト
315803,倉敷アイビースクエア,http://www.jalan.net/JwsRedirect.do?key=lib151e751a129&rd_key=MzE1ODAzLCwsLDEsMSwsLCwsLCwwMSwwMA==,岡山県,倉敷・総社・井笠,倉敷・児島・鷲羽山,岡山県倉敷市本町７―２,ホテル,明治時代に建てられた紡績工場を改築活用した赤煉瓦に蔦の絡まるホテル。【近代化産業遺産】に認定された特色豊かな施設です。倉敷美観地区にあり観光の拠点として最適♪,【近代化産業遺産認定】蔦の絡まる赤煉瓦のホテル☆,6500,34.5916977777778,133.775997222222,2018-08-09 17:02:50,2018-08-09 17:02:50,3.8,4,3,4,4,4,4,33,雰囲気,外観,外観,雰囲気
316198,岡山ワシントンホテルプラザ,http://www.jalan.net/JwsRedirect.do?key=lib151e751a129&rd_key=MzE2MTk4LCwsLDEsMSwsLCwsLCwwMSwwMA==,岡山県,岡山・玉野・牛窓,岡山・玉野,岡山県岡山市北区本町３－６－２０１,ホテル,岡山駅東口から徒歩5分の好立地！1Ｆにコンビニあり。<BR>毎朝ホテルで焼きあげている、焼きたてパンを是非お召しあがりください。<BR>WiFi接続・LAN接続無料＆加湿機能付空気清浄機＆枕元にUSBコンセントあり。,焼きたてパンの朝食無料サービス,4250,34.6619386111111,133.924879722222,2018-08-09 17:02:50,2018-08-09 17:02:50,3.8,4,3,4,0,4,4,33,焼き立て,兎,兎,焼き立て
316703,湯快リゾート 湯原温泉 輝乃湯,http://www.jalan.net/JwsRedirect.do?key=lib151e751a129&rd_key=MzE2NzAzLCwsLDEsMSwsLCwsLCwwMSwwMA==,岡山県,津山・美作三湯・蒜山,湯原・蒜山高原,岡山県真庭市豊栄１４２９－２,旅館,地元の新鮮食材やご当地料理が食べ放題の「ご当地贅沢バイキング」をスタート！<BR>湯快リゾートこだわりのバイキングをお楽しみください！<BR><BR>天然の湯に恵まれた大自然を感じる宿で寛ぎのひとときを♪,懐かしくて優しい里山の宿,8400,35.1904519444444,133.734398888889,2018-08-09 17:02:50,2018-08-09 17:02:50,0,0,0,0,0,0,0,33,None,None,None,None
316820,1200年続く幻の湯治の郷 湯郷温泉 季譜の里,http://www.jalan.net/JwsRedirect.do?key=lib151e751a129&rd_key=MzE2ODIwLCwsLDEsMSwsLCwsLCwwMSwwMA==,岡山県,津山・美作三湯・蒜山,美作・湯郷,岡山県美作市湯郷１８０,旅館,40%以上のお客様が常連でお越しくださる人気の秘密は過ごし易さ。お風呂、食事、お部屋、サービス、全てを女性のために仕上げました。そして館内76箇所に咲く生け花と中庭。自然の花や草木の美しさに感動。,女性に人気のリラックス宿。美味しい料理とベストなサービス♪,15120,34.9918358333333,134.142083888889,2018-08-09 17:02:49,2018-08-09 17:02:49,4.5,4,5,4,5,5,5,33,素足,宿,宿,素足
316952,新見ビジネスシティーホテル,http://www.jalan.net/JwsRedirect.do?key=lib151e751a129&rd_key=MzE2OTUyLCwsLDEsMSwsLCwsLCwwMSwwMA==,岡山県,高梁・新見・吉備高原,新見・阿哲,岡山県新見市高尾２４８１－８,ホテル,街の中心部に位置し、低料金で禁煙ルーム、無料インターネット、無料駐車場が御利用になれます。　監督官庁の基準に適合した施設です。,低料金で便利と安心と快適をご提供できるホテルです,4500,34.985465,133.463110833333,2018-08-09 17:02:50,2018-08-09 17:02:50,3.8,4,3,3,4,3,4,33,水回り,掃除,掃除,水回り
317020,岡山ユニバーサルホテル,http://www.jalan.net/JwsRedirect.do?key=lib151e751a129&rd_key=MzE3MDIwLCwsLDEsMSwsLCwsLCwwMSwwMA==,岡山県,岡山・玉野・牛窓,岡山・玉野,岡山県岡山市北区中央町３－１５,ホテル,朝食も夕食も無料！<BR>朝食は26種類の和洋バイキング♪<BR>夕食は日替定食かカレー定食のチョイス<BR>サラダバー、ドリンクバーも無料でご利用いただけます。<BR>お食事大浴場は向かい側別館でのご利用となります。,朝食無料・和洋バイキング/夕食無料・日替定食/温泉＆サウナ無料,5560,34.6543736111111,133.928668888889,2018-08-09 17:03:17,2018-08-09 17:03:17,2.8,3,3,3,3,3,3,33,岡山市,利用者,利用者,岡山市
317546,ホテルセントイン倉敷,http://www.jalan.net/JwsRedirect.do?key=lib151e751a129&rd_key=MzE3NTQ2LCwsLDEsMSwsLCwsLCwwMSwwMA==,岡山県,倉敷・総社・井笠,倉敷・児島・鷲羽山,岡山県倉敷市新倉敷駅前５－２０３,ホテル,JR新倉敷駅から徒歩15分。眺めの最高なスカイレストランでの朝食・無料ドリンクバーでおもてなし♪宴会場があり団体のお客様も大歓迎。休前日も同料金だから安心！駐車場無料でビジネスにも観光にも最適！,新倉敷エリアで最高層のホテル！8階展望レストランの朝食をぜひ♪,5345,34.5543136111111,133.679763611111,2018-08-09 17:03:10,2018-08-09 17:03:10,3.5,3,3,3,0,4,4,33,方達,ドリンクサービス,ドリンクサービス,方達
317778,花の宿 にしき園,http://www.jalan.net/JwsRedirect.do?key=lib151e751a129&rd_key=MzE3Nzc4LCwsLDEsMSwsLCwsLCwwMSwwMA==,岡山県,津山・美作三湯・蒜山,美作・湯郷,岡山県美作市湯郷840-1,旅館,湯郷温泉は美人の湯♪<BR>大浴場・貸切露天風呂・岩盤浴で美活満喫♪<BR>お部屋食プランあり☆カップル・ファミリーに◎<BR>◆全館wi-fi完備◆,最大20％OFF！タイムセール開催中！！,6700,34.9888247222222,134.136909444444,2018-08-09 17:02:50,2018-08-09 17:02:50,4,4,4,4,4,4,4,33,風呂,食事,食事,風呂
317961,料理旅館 鹿久居荘(かくいそう) 日生店,http://www.jalan.net/JwsRedirect.do?key=lib151e751a129&rd_key=MzE3OTYxLCwsLDEsMSwsLCwsLCwwMSwwMA==,岡山県,岡山・玉野・牛窓,牛窓・日生,岡山県備前市日生町日生６３９―３４,旅館,【日生駅から徒歩7分！】全室　海に面している客室・ワンちゃんと泊まれる部屋も人気。生け簀から新鮮な魚介類を選び味わえる、鹿久居荘ならではのボリューム満点な料理で旬の味をご賞味あれ。,【料理自慢の宿】　今だけ！１泊２食７，９００円～販売中！,4752,34.7394605555556,134.279755833333,2018-08-09 17:02:50,2018-08-09 17:02:50,3.9,4,3,4,5,4,4,33,料理,夕飯,夕飯,料理
318144,ホテルグランヴィア岡山,http://www.jalan.net/JwsRedirect.do?key=lib151e751a129&rd_key=MzE4MTQ0LCwsLDEsMSwsLCwsLCwwMSwwMA==,岡山県,岡山・玉野・牛窓,岡山・玉野,岡山市北区駅元町1-5,ホテル,【アクセス抜群】岡山駅の２階から連絡通路で直結、駅からも雨に濡れません。全室高速有線LAN接続に加え無線LAN（WI-FI）接続が無料でご利用いたけだます。【WEB限定】のお得な宿泊プランが満載です。,JR岡山駅２階から直結。全客室無線LAN（WI-FI）接続無料対応。,5600,34.6609086111111,133.920170277778,2018-08-09 17:02:49,2018-08-09 17:02:49,4.3,4,4,4,4,4,4,33,駅,方,方,駅
319899,蒜山なごみの温泉 津黒高原荘,http://www.jalan.net/JwsRedirect.do?key=lib151e751a129&rd_key=MzE5ODk5LCwsLDEsMSwsLCwsLCwwMSwwMA==,岡山県,津山・美作三湯・蒜山,湯原・蒜山高原,岡山県真庭市蒜山下和１０８０－１,旅館,里山の風景を望み、時には雲海も。温泉は大浴場、サウナ、身体障害者用風呂を完備。津黒高原周辺には河川公園、キャンプ場、テニスコート、スキー場があり、四季を通じて自然を楽しめる。,長閑な田舎風景あふれる山海の幸たっぷり料理評価の高い温泉宿,8300,35.2613836111111,133.7932575,2018-08-09 17:03:10,2018-08-09 17:03:10,3.8,3,4,4,4,4,4,33,応対,山,山,応対
320206,ペンション&コテージ リゾートイン湯郷,http://www.jalan.net/JwsRedirect.do?key=lib151e751a129&rd_key=MzIwMjA2LCwsLDEsMSwsLCwsLCwwMSwwMA==,岡山県,津山・美作三湯・蒜山,美作・湯郷,岡山県美作市中山886-1,ペンション,ボリュームたっぷりの食事と、温泉に浸って心も体もリフレッシュ☆「昭和館」「オルゴール夢館」「てつどう模型館」でおもちゃの街湯郷温泉を満喫!(^^)!　岡山湯郷Ｂｅｌｌｅのホームグランドまで車で３分♪,温泉があるペンション♪夕食はボリュームたっぷり★☆★,4644,35.0021163888889,134.129808055556,2018-08-09 17:03:10,2018-08-09 17:03:10,3.9,4,4,4,4,4,4,33,すき焼き,夫婦旅行,夫婦旅行,すき焼き
320490,湯郷温泉 ふくます亭,http://www.jalan.net/JwsRedirect.do?key=lib151e751a129&rd_key=MzIwNDkwLCwsLDEsMSwsLCwsLCwwMSwwMA==,岡山県,津山・美作三湯・蒜山,美作・湯郷,美作市中山１２０３－６,旅館,美作三湯、湯郷温泉の湯は「美人の湯」と言われており、温泉とエステでごゆっくりとお寛ぎ頂き、自然と四季折々の移ろいをご堪能下さい。大人気お姫様プランも要CHECK☆,♪四季折々の自然を感じ、ごゆっくりとお寛ぎ下さい♪,7300,34.9991669444444,134.133270277778,2018-08-09 17:03:10,2018-08-09 17:03:10,3.8,4,4,4,4,4,4,33,世話,岡山国際サーキット,岡山国際サーキット,世話
320705,湯原温泉 湯めぐりの宿 松の家 花泉,http://www.jalan.net/JwsRedirect.do?key=lib151e751a129&rd_key=MzIwNzA1LCwsLDEsMSwsLCwsLCwwMSwwMA==,岡山県,津山・美作三湯・蒜山,湯原・蒜山高原,真庭市湯原温泉３２０―１,旅館,「美人の湯」湯原温泉を贅沢にかけ流し！17つの湯めぐりを夜通し楽しめる宿☆<BR>『岩盤浴』『岩盤ドーム』『エステルーム』女性に嬉しい施設が充実♪<BR>料理は板長が厳選した食材でおもてなし☆夕食も高評価☆,17の湯めぐりが楽しめる風呂自慢の宿♪岡山・山陰の旅を楽しもう♪,5800,35.1932391666667,133.736266111111,2018-08-09 17:02:49,2018-08-09 17:02:49,4.1,4,4,4,4,4,4,33,仲居,部屋,部屋,仲居
320978,作東バレンタインホテル,http://www.jalan.net/JwsRedirect.do?key=lib151e751a129&rd_key=MzIwOTc4LCwsLDEsMSwsLCwsLCwwMSwwMA==,岡山県,津山・美作三湯・蒜山,美作・湯郷,岡山県美作市江見９９３番地,ホテル,小高い丘の上に佇むプチリゾートホテル。ありがとうございます！じゃらんネット「ユーザークチコミ宿ランキング」中・四国エリアのホテル部門現在第3位！新緑の中で好評フレンチをお楽しみください！,周囲を山々に囲まれた　オーベルジュ風　プチ・リゾートホテルです,7020,35.0192838888889,134.232458888889,2018-08-09 17:02:49,2018-08-09 17:02:49,4.4,4,4,4,5,5,4,33,夕食,朝食,朝食,夕食
320994,白壁連なる美人湯の庵 ゆばらの宿米屋,http://www.jalan.net/JwsRedirect.do?key=lib151e751a129&rd_key=MzIwOTk0LCwsLDEsMSwsLCwsLCwwMSwwMA==,岡山県,津山・美作三湯・蒜山,湯原・蒜山高原,真庭市湯原温泉345-18,旅館,【お得情報】クーポン一覧ページより取得後ご予約下さい！地元名産「千屋牛」のお料理、100％源泉のお風呂。離れ「露天風呂客室KAEDE」には専用のテラス！アート作品多数展示。女性専用アートルームもお勧め,3000円分クーポン発行中！ひとり旅・女子旅も大歓迎！,5400,35.1988577777778,133.738508611111,2018-08-09 17:02:50,2018-08-09 17:02:50,3.8,4,4,4,4,4,4,33,宿,湯,湯,宿
321581,岡山 後楽ホテル,http://www.jalan.net/JwsRedirect.do?key=lib151e751a129&rd_key=MzIxNTgxLCwsLDEsMSwsLCwsLCwwMSwwMA==,岡山県,岡山・玉野・牛窓,岡山・玉野,岡山市北区平和町5-1,ホテル,季節を感じる西川緑道公園に佇む。周辺には瀬戸内の幸でもてなす料理店も多数。スタッフ手作りマップを片手にお気に入りの店を見つけてみては。館内ではホテルコレクション小さなミュージアムを愉しんで♪,★口コミ評価4.4点★駅前通り徒歩５分の好アクセス♪駐車場完備,3200,34.6615786111111,133.925875833333,2018-08-09 17:02:49,2018-08-09 17:02:49,4.1,4,4,4,5,4,4,33,美術品,ファイル,ファイル,美術品
321753,全室露天風呂付 愛犬と泊まれる温泉宿 わんこあん,http://www.jalan.net/JwsRedirect.do?key=lib151e751a129&rd_key=MzIxNzUzLCwsLDEsMSwsLCwsLCwwMSwwMA==,岡山県,津山・美作三湯・蒜山,湯原・蒜山高原,岡山県真庭市下湯原９７－３,旅館,2017年3月オープン！岡山県湯原温泉郷のひとつである下湯原温泉にペットと泊まれる宿が新築でオープン。５つのお部屋はすべて露天風呂付き客室。お食事は個室またはお部屋で愛犬と水入らずで楽しめる。,2017年3月新築オープン！全室露天風呂付！ペットと泊まれる温泉宿,28080,35.1828177777778,133.735180833333,2018-08-09 17:02:49,2018-08-09 17:02:49,4.6,5,5,5,5,5,5,33,我が家,足湯,足湯,我が家
322624,倉敷ステーションホテル,http://www.jalan.net/JwsRedirect.do?key=lib151e751a129&rd_key=MzIyNjI0LCwsLDEsMSwsLCwsLCwwMSwwMA==,岡山県,倉敷・総社・井笠,倉敷・児島・鷲羽山,岡山県倉敷市阿知2-8-1,ホテル,リーズナブルな料金！アットホームな接客！倉敷美観地区、アリオ倉敷、三井アウトレットパーク倉敷へのアクセスに抜群！地下１階には【倉敷最大級の生簀】を備えた直営の和食処【白壁】も完備しております。,ＪＲ倉敷駅から徒歩３分。岡山・倉敷の観光にビジネスに絶好の立地,3300,34.5968586111111,133.770238888889,2018-08-09 17:03:10,2018-08-09 17:03:10,3.2,3,3,4,3,4,3,33,部屋,利便性,利便性,部屋
322766,三井ガーデンホテル岡山,http://www.jalan.net/JwsRedirect.do?key=lib151e751a129&rd_key=MzIyNzY2LCwsLDEsMSwsLCwsLCwwMSwwMA==,岡山県,岡山・玉野・牛窓,岡山・玉野,岡山市北区駅元町１－７,ホテル,ＪＲ岡山駅の後楽園口(東口)から徒歩２分と好立地、ビジネスや観光に最適なホテルです。最上階に宿泊者専用の庭園浴場もあり、旅の疲れを癒してくれます。加湿機能付き空気清浄機を全室に設置しております<BR>,岡山駅から徒歩2分！庭園浴場があるホテル！,3600,34.6602066666667,133.920200277778,2018-08-09 17:02:49,2018-08-09 17:02:49,3.9,4,4,4,0,4,4,33,岡山駅,ホテル,ホテル,岡山駅
322868,吉備高原リゾートホテル,http://www.jalan.net/JwsRedirect.do?key=lib151e751a129&rd_key=MzIyODY4LCwsLDEsMSwsLCwsLCwwMSwwMA==,岡山県,高梁・新見・吉備高原,高梁・川上・成羽,岡山県加賀郡吉備中央町吉川４８６０―６,旅館,★2015年10月、レストラン「加賀や」を新設★<BR>吉備高原や岡山県内の食材をふんだんに使用した自慢の料理をどうぞ。<BR>　優しい風に吹かれながら、ゆっくり静かに贅沢な時間をお過ごしください。,「吉備高原都市」内に立地！豊かな自然＆岡山の味覚でおもてなし♪,3240,34.8317647222222,133.763121944444,2018-08-09 17:03:10,2018-08-09 17:03:10,4,4,4,4,0,5,4,33,居酒屋,バス,バス,居酒屋
323248,ペンション ポッケ,http://www.jalan.net/JwsRedirect.do?key=lib151e751a129&rd_key=MzIzMjQ4LCwsLDEsMSwsLCwsLCwwMSwwMA==,岡山県,岡山・玉野・牛窓,牛窓・日生,岡山県瀬戸内市牛窓町鹿忍6101-25,ペンション,瀬戸内の島々を一望する海のペンションでありながら、近くには牧場もあり、牧歌的な雰囲気も楽しめる絶好のロケーション。普段着感覚のもてなしと手作りのあたたかさで、カップルやファミリーにも最適。<BR>,アットホームな雰囲気があたたかい、瀬戸内海を一望する宿,4320,34.6002030555556,134.123848611111,2018-08-09 17:03:10,2018-08-09 17:03:10,4.3,4,3,5,5,5,4,33,ペンション,ペット連れ,ペット連れ,ペンション
323331,元禄旅籠 油屋,http://www.jalan.net/JwsRedirect.do?key=lib151e751a129&rd_key=MzIzMzMxLCwsLDEsMSwsLCwsLCwwMSwwMA==,岡山県,津山・美作三湯・蒜山,湯原・蒜山高原,岡山県真庭市湯原温泉２７,旅館,朝湯に最適な客室温泉や貸切の地下源泉利用の浴場あり、川沿いの宿泊専用棟の夢酔庵（むすいあん）と食事入浴棟の食湯館（しょくとうかん）の２館８室でおもてなし。お食事は旬の素材を吟味した会席をご用意,温泉付き客室と家庭的雰囲気を大切にする宿　Wi-Fi無料で利用可能,11540,35.1991288888889,133.733428055556,2018-08-09 17:02:50,2018-08-09 17:02:50,4.3,4,4,4,5,4,4,33,食事場所,女将,女将,食事場所
323508,湯快感 花やしき,http://www.jalan.net/JwsRedirect.do?key=lib151e751a129&rd_key=MzIzNTA4LCwsLDEsMSwsLCwsLCwwMSwwMA==,岡山県,津山・美作三湯・蒜山,湯原・蒜山高原,岡山県真庭市湯原温泉２１,旅館,「湯原温泉」はアルカリ単純温泉でトロトロの泉質で「美肌の湯」<BR>壮大な湯原ダムを見上げ無料で入浴できる混浴露天風呂「砂湯」まで徒歩5分<BR>料理は四季折々の素材を使い目でも味でもお楽しみいただけます,【クチコミ4.4】リニューアルした屋上貸切露天風呂＆夕食満喫！,4320,35.1996419444444,133.733710277778,2018-08-09 17:02:50,2018-08-09 17:02:50,4.3,4,4,4,5,4,4,33,こと,旅館,旅館,こと
324474,蒜山高原だんだん村 ログコテージ村民の家,http://www.jalan.net/JwsRedirect.do?key=lib151e751a129&rd_key=MzI0NDc0LCwsLDEsMSwsLCwsLCwwMSwwMA==,岡山県,津山・美作三湯・蒜山,湯原・蒜山高原,岡山県真庭市蒜山湯船６１７－３３,貸別荘,手作りログハウスのコテージで別荘ライフを満喫！川遊び、山菜摘み、登山、乗馬、ハイキング、釣り、サイクリング、スキー等一年中大自然をエンジョイ！夜は温泉入って、春から夏は焼肉、冬はカニ鍋！<BR>,蒜山高原の上蒜山登山口前にあるログハウスの手作り村！,4570,35.3066652777778,133.641533333333,2018-08-09 17:03:10,2018-08-09 17:03:10,0,0,0,0,0,0,0,33,None,None,None,None
325044,おふくろの家,http://www.jalan.net/JwsRedirect.do?key=lib151e751a129&rd_key=MzI1MDQ0LCwsLDEsMSwsLCwsLCwwMSwwMA==,岡山県,岡山・玉野・牛窓,牛窓・日生,岡山県瀬戸内市牛窓町牛窓６０５１,民宿,高台にあるため、眺望は抜群。特に夕焼けの美しさには感動！<BR>瀬戸内海でとれた活きのいい魚介類を、お部屋でお楽しみください。,日本のエーゲ海へようこそ♪のどかな島で心温まるひとときを,5000,34.6023013888889,134.174187222222,2018-08-09 17:03:17,2018-08-09 17:03:17,0,0,0,0,0,0,0,33,None,None,None,None
325298,倉敷ロイヤルアートホテル,http://www.jalan.net/JwsRedirect.do?key=lib151e751a129&rd_key=MzI1Mjk4LCwsLDEsMSwsLCwsLCwwMSwwMA==,岡山県,倉敷・総社・井笠,倉敷・児島・鷲羽山,岡山県倉敷市阿知３－２１－１９,ホテル,◆全室Wi-Fi完備◆倉敷美観地区へ徒歩すぐ◆客室は全室40平米以上◆,全室40平米以上　ビジネス・観光・ショッピングにアクセス抜群,4800,34.5935572222222,133.770705833333,2018-08-09 17:02:49,2018-08-09 17:02:49,0,0,0,0,0,0,0,33,None,None,None,None
325920,鷲羽山 下電ホテル,http://www.jalan.net/JwsRedirect.do?key=lib151e751a129&rd_key=MzI1OTIwLCwsLDEsMSwsLCwsLCwwMSwwMA==,岡山県,倉敷・総社・井笠,倉敷・児島・鷲羽山,倉敷市大畠１６６６―２,旅館,館内リニューアルオープンを終え、太陽と海をテーマにした総客室数は101室！全室オーシャンビューにて瀬戸内海と瀬戸大橋を一望！また地元の下津井港産の鯛・蛸も絶品！各種プラン有り！ぜひ1度ご賞味あれ！,目の前には大海原が広がり、背中には鷲羽山！寛ぎのリゾートホテル,9720,34.4294241666667,133.818868888889,2018-08-09 17:02:50,2018-08-09 17:02:50,0,0,0,0,0,0,0,33,None,None,None,None
326193,奥津温泉 池田屋 河鹿園,http://www.jalan.net/JwsRedirect.do?key=lib151e751a129&rd_key=MzI2MTkzLCwsLDEsMSwsLCwsLCwwMSwwMA==,岡山県,津山・美作三湯・蒜山,津山・奥津,岡山県苫田郡鏡野町奥津５５,旅館,奥津温泉を代表する名宿が内装全面改装で２０１８年４月にリニューアルオープン。昔ながらの風情を残しながら近代的なデザインを取り入れた和風旅館。源泉掛け流しの温泉でおくつろぎ下さい。,奥津温泉老舗旅館「池田屋河鹿園」。自家源泉「掛け流し温泉」,9000,35.2203330555556,133.922847777778,2018-08-09 17:02:50,2018-08-09 17:02:50,4.6,5,5,4,5,4,4,33,旅館,年配,年配,旅館
326259,すし幸旅館,http://www.jalan.net/JwsRedirect.do?key=lib151e751a129&rd_key=MzI2MjU5LCwsLDEsMSwsLCwsLCwwMSwwMA==,岡山県,倉敷・総社・井笠,倉敷・児島・鷲羽山,岡山県倉敷市水島東千鳥町３―９,旅館,休前日も同料金★水島工業地帯へご出張の方、観光目的の方、合宿や団体客の方、男性専用だからお気軽にご利用ください！客室はごろ～んと寛げる和室です。日替わりのお食事はお腹も心も大満足する内容です！,男性専用の家庭的ビジネス旅館！お仕事や観光に♪,4320,34.5270091666667,133.743111388889,2018-08-09 17:03:17,2018-08-09 17:03:17,0,0,0,0,0,0,0,33,None,None,None,None
326332,倉敷シーサイドホテル&コンベンション,http://www.jalan.net/JwsRedirect.do?key=lib151e751a129&rd_key=MzI2MzMyLCwsLDEsMSwsLCwsLCwwMSwwMA==,岡山県,倉敷・総社・井笠,倉敷・児島・鷲羽山,岡山県倉敷市児島塩生２７６７－２１,ホテル,広い芝生の庭から美しい瀬戸内海を見渡せるレストランで<BR>夕陽を眺めながら創作会席料理をお召し上がりいただけます♪<BR>水島コンビナートC地区に隣接。＜＜無料の造船見学も人気です★＞＞<BR>,観光もビジネス出張も◎！瀬戸内のシーサイド料理自慢のホテル★,4300,34.4731275,133.762310277778,2018-08-09 17:03:10,2018-08-09 17:03:10,3.5,4,3,4,4,3,4,33,食べ放題,意味,意味,食べ放題
326488,ホテル岡山サンシャイン,http://www.jalan.net/JwsRedirect.do?key=lib151e751a129&rd_key=MzI2NDg4LCwsLDEsMSwsLCwsLCwwMSwwMA==,岡山県,岡山・玉野・牛窓,岡山・玉野,岡山県岡山市北区磨屋町１－１３,ホテル,繁華街へ近い立地ながら周りは寺院に囲まれて閑静で、ビジネスや観光のお泊りに快適なホテルライフをお届けします。<BR>,ビジネス・観光の拠点に！清潔さと快適性を備えた白亜のホテル,3500,34.6618136111111,133.927623055556,2018-08-09 17:03:10,2018-08-09 17:03:10,3.5,3,3,0,0,4,3,33,居酒屋,距離,距離,居酒屋
326687,ビジネスホテル ロマン,http://www.jalan.net/JwsRedirect.do?key=lib151e751a129&rd_key=MzI2Njg3LCwsLDEsMSwsLCwsLCwwMSwwMA==,岡山県,倉敷・総社・井笠,倉敷・児島・鷲羽山,岡山県倉敷市新倉敷駅前２丁目１１０,ホテル,最終チェックインは23時。チェックイン後は門限なし！自由にご利用下さい。<BR>★玉島E地区、水島工業地帯に近い<BR>★コンビニ、焼き鳥や、飲み屋がすぐ<BR>★無料駐車場（20台　大型車も駐車OK）<BR>,新倉敷駅から徒歩5分！水島工業地帯、倉敷へのアクセスに便利,4500,34.5629663888889,133.684395277778,2018-08-09 17:03:17,2018-08-09 17:03:17,4,4,3,0,0,2,3,33,暖房,こと,こと,暖房
326945,上齋原温泉国民宿舎いつき,http://www.jalan.net/JwsRedirect.do?key=lib151e751a129&rd_key=MzI2OTQ1LCwsLDEsMSwsLCwsLCwwMSwwMA==,岡山県,津山・美作三湯・蒜山,津山・奥津,岡山県苫田郡鏡野町上齋原４３７―１,旅館,星空がきれいな上斎原へ！<BR>夏でも涼しい高原はスポーツ合宿にもぴったり！<BR>プールや温泉もあるからお友達や家族とのおでかけに！,岡山や京阪神より5度は涼しい身近な避暑地！酷暑を忘れに上斎原へ,7750,35.2747202777778,133.924566944444,2018-08-09 17:03:10,2018-08-09 17:03:10,4,4,4,4,4,4,4,33,温泉,紅葉,紅葉,温泉
327172,ホテルたちばな,http://www.jalan.net/JwsRedirect.do?key=lib151e751a129&rd_key=MzI3MTcyLCwsLDEsMSwsLCwsLCwwMSwwMA==,岡山県,岡山・玉野・牛窓,岡山・玉野,岡山市北区十日市西町7-43,ホテル,■アパ　パートナーホテルズ加盟店■　全室とも浴室独立型・駐車場は全室分あり。車での利用でも駐車場の心配なし。朝食は無料サービス、リーズナブルで上質な客室で心地よいステイが楽しめる。,「泊まる」というより「住まう」という感覚が似合うホテル,3348,34.6332644444444,133.926876111111,2018-08-09 17:02:50,2018-08-09 17:02:50,4.1,3,3,4,0,4,4,33,果物,杏仁豆腐,焼きおにぎり,果物
328256,山荘楽時屋,http://www.jalan.net/JwsRedirect.do?key=lib151e751a129&rd_key=MzI4MjU2LCwsLDEsMSwsLCwsLCwwMSwwMA==,岡山県,津山・美作三湯・蒜山,湯原・蒜山高原,岡山県真庭市蒜山下和１１９４－１,旅館,海！山！ぜんぶ楽しもう。地元食材多用の豊富なメニュー・ボリュームも満点。自家製飲物も充実。<BR>ハンモック・木枝ブランコ・懐かしの野球ゲーム・・。TVもエアコンもないけどちっちゃな遊び心いっぱい。,バリアフリーでログハウス　食いしん坊と遊び盛りも大満足,2000,35.257385,133.796292222222,2018-08-09 17:02:50,2018-08-09 17:02:50,4.7,5,0,5,5,5,5,33,バーベキュー,帰り,帰り,バーベキュー
328504,岡山ビューホテル,http://www.jalan.net/JwsRedirect.do?key=lib151e751a129&rd_key=MzI4NTA0LCwsLDEsMSwsLCwsLCwwMSwwMA==,岡山県,岡山・玉野・牛窓,岡山・玉野,岡山市北区中山下1-11-17,ホテル,「靴を脱ぐ・床に座る・集う」独自のコンセプトが好評★小さなお子様連れのお客様には嬉しい布団のお部屋も★早割が一番お得★高さ2.5ｍ大型車OKの駐車場がホテル１Ｆに（約20台収容可）★18年4階フロア改装,2018年4階客室改装◆靴を脱ぎ、床に座って寛げるコンセプトホテル,2990,34.6600863888889,133.931003333333,2018-08-09 17:02:50,2018-08-09 17:02:50,3.8,4,3,4,4,4,4,33,スタイル,タイプ,タイプ,スタイル
329805,倉敷グローバルホテル,http://www.jalan.net/JwsRedirect.do?key=lib151e751a129&rd_key=MzI5ODA1LCwsLDEsMSwsLCwsLCwwMSwwMA==,岡山県,倉敷・総社・井笠,倉敷・児島・鷲羽山,岡山県倉敷市阿知１－１４－８,民宿,美観地区・大原美術館へもアクセス良好です☆,倉敷駅から徒歩２分！付近にセンター街あり食事処がたくさん♪,3000,34.5971766666667,133.767944722222,2018-08-09 17:03:17,2018-08-09 17:03:17,2.6,2,3,0,0,3,3,33,通路,シャワールーム,シャワールーム,通路
330105,真庭シティホテルサンライズ,http://www.jalan.net/JwsRedirect.do?key=lib151e751a129&rd_key=MzMwMTA1LCwsLDEsMSwsLCwsLCwwMSwwMA==,岡山県,津山・美作三湯・蒜山,湯原・蒜山高原,岡山県真庭市惣２５８－６,ホテル,真庭市の中心に位置する好立地。車でお越しの場合、米子道久世IC・中国道落合IC両方から10分。<BR>周辺には飲食店・スーパー・ホームセンター等もあり便利！,岡山県北、真庭市の中心に位置する好立地！,4032,35.0666461111111,133.753198611111,2018-08-09 17:03:10,2018-08-09 17:03:10,3.9,4,3,3,0,4,4,33,木,GW,GW,木
330230,倉敷庭園旅館 備後屋,http://www.jalan.net/JwsRedirect.do?key=lib151e751a129&rd_key=MzMwMjMwLCwsLDEsMSwsLCwsLCwwMSwwMA==,岡山県,倉敷・総社・井笠,倉敷・児島・鷲羽山,岡山県倉敷市玉島阿賀崎９５６,旅館,ばべの古木に囲まれた離れの宿。<BR>こだわりの庭園に点在するお部屋はそれぞれ異なった趣きで<BR>昔懐かしい非日常的な空間を演出します。<BR>元料亭の備後屋で瀬戸内の四季折々の魚を中心にした本格懐石を。,古き良き大正創業の老舗旅館で本格懐石。小山に点在する離れで寛ぐ,10900,34.5371088888889,133.670669166667,2018-08-09 17:02:50,2018-08-09 17:02:50,4.2,4,4,5,4,4,4,33,昔,料理,料理,昔
330348,ゲストハウス ELEVEN VILLAGE 吹屋,http://www.jalan.net/JwsRedirect.do?key=lib151e751a129&rd_key=MzMwMzQ4LCwsLDEsMSwsLCwsLCwwMSwwMA==,岡山県,高梁・新見・吉備高原,高梁・川上・成羽,岡山県高梁市成羽町吹屋８３８－２,ユースホステル,本当の幸せ。本当の豊かさ。ここには、いっぱい溢れている。<BR>日本の伝統的くらしを週末体験してみたい、そんなあなたに、心も体も美しくなれるゲストハウスで、オーガニックライフを体験してみませんか？<BR>,本当の幸せ。本当の豊かさ。ここには、いっぱい溢れている。,5000,34.8581661111111,133.473086666667,2018-08-09 17:03:17,2018-08-09 17:03:17,0,0,0,0,0,0,0,33,None,None,None,None
330500,倉敷国際ホテル,http://www.jalan.net/JwsRedirect.do?key=lib151e751a129&rd_key=MzMwNTAwLCwsLDEsMSwsLCwsLCwwMSwwMA==,岡山県,倉敷・総社・井笠,倉敷・児島・鷲羽山,岡山県倉敷市中央1-1-44,ホテル,JR倉敷駅より徒歩約10分、倉敷美観地区の入り口すぐに立地し大原美術館とも隣接。<BR>美術館側の客室からは白壁の町並みが美しい美観地区が窓いっぱいに広がって、素晴らしい景観をお楽しみいただけます。　<BR>,落ち着いた雰囲気のエレガントな客室総数は105室、全室禁煙。,5700,34.5931380555556,133.77266,2018-08-09 17:02:50,2018-08-09 17:02:50,4.3,4,3,4,5,4,4,33,本館,大原美術館,大原美術館,本館
330919,岡山県青年館,http://www.jalan.net/JwsRedirect.do?key=lib151e751a129&rd_key=MzMwOTE5LCwsLDEsMSwsLCwsLCwwMSwwMA==,岡山県,岡山・玉野・牛窓,岡山・玉野,岡山県岡山市北区津島東１－４－１,ホテル,岡山駅西口から車で10分。岡山大学や植物園、岡山県総合グラウンドに近い閑静な場所に位置します。岡山大学やシティライトスタジアムへのお出かけにも便利です。,リーズナブルな価格で、充分に満足いく素敵な宿！,4104,34.6843372222222,133.930331111111,2018-08-09 17:03:17,2018-08-09 17:03:17,0,0,0,0,0,0,0,33,None,None,None,None
331444,東横イン岡山駅西口広場,http://www.jalan.net/JwsRedirect.do?key=lib151e751a129&rd_key=MzMxNDQ0LCwsLDEsMSwsLCwsLCwwMSwwMA==,岡山県,岡山・玉野・牛窓,岡山・玉野,岡山県岡山市北区駅元町２２－１０,ホテル,日本三大名園の一つ後楽園と岡山城は徒歩でも行ける！倉敷まではＪＲで２０分。足をのばせば香川で本場讃岐うどんも♪便利な荷物預りサービスで身軽にブラブラ岡山観光☆電車もバスも乗り場はすぐそこ！！,中・四国のアクセス拠点岡山！！ビジネスに観光にとっても便利◎,3825,34.6642341666667,133.919305555556,2018-08-09 17:03:10,2018-08-09 17:03:10,3.7,4,4,3,0,4,4,33,かた,バス乗り場,バス乗り場,かた
331743,湯原温泉 森のホテルロシュフォール,http://www.jalan.net/JwsRedirect.do?key=lib151e751a129&rd_key=MzMxNzQzLCwsLDEsMSwsLCwsLCwwMSwwMA==,岡山県,津山・美作三湯・蒜山,湯原・蒜山高原,岡山県真庭市社１２８－１４,ホテル,おかげさまで口コミ夕食4.3♪カップル＆女子二人旅にも人気の宿☆<BR>初夏から夏は高原涼風☆夏休みのご旅行はバーベキュー＆コテージで決り<BR>大人気のコテージは専用棟でペットとお泊りもOK☆Wi-Fiホテル内OK,大自然の中のホテル☆これからの時期☆満天の星空の下BBQが人気☆,2160,35.1746758333333,133.742022222222,2018-08-09 17:02:50,2018-08-09 17:02:50,0,0,0,0,0,0,0,33,None,None,None,None
331944,名泉鍵湯 奥津荘,http://www.jalan.net/JwsRedirect.do?key=lib151e751a129&rd_key=MzMxOTQ0LCwsLDEsMSwsLCwsLCwwMSwwMA==,岡山県,津山・美作三湯・蒜山,津山・奥津,岡山県苫田郡鏡野町奥津４８,旅館,世界最大の口コミサイト「トリップアドバイザー」で、一貫して素晴らしい口コミを年間を通して寄せられた宿泊施設のみに送られる「エクセレンス認証」をお陰様で2年連続で受賞させていただきました！,日本屈指の泉質を誇る【本物の温泉】！！歴史的木造建築でrelax♪,18360,35.2203930555556,133.922935,2018-08-09 17:03:10,2018-08-09 17:03:10,4,4,5,4,5,4,4,33,部分,季節,季節,部分
332796,足温泉 いづみ家,http://www.jalan.net/JwsRedirect.do?key=lib151e751a129&rd_key=MzMyNzk2LCwsLDEsMSwsLCwsLCwwMSwwMA==,岡山県,津山・美作三湯・蒜山,湯原・蒜山高原,岡山県真庭市足３５９,旅館,１泊３食の宿泊もＯＫ！アウトバススタイルで宿泊する和風旅宿。<BR>川のせせらぎと緑に囲まれ、自然いっぱいの足温泉（たるおんせん）でカラダを癒そう。<BR>,温泉と自然カラダが癒される。ここいずみ家でスローライフな１日を,5400,35.1386091666667,133.720923055556,2018-08-09 17:03:10,2018-08-09 17:03:10,4,4,3,4,5,4,4,33,旅,星空,星空,旅
333204,ペンション くろしお丸,http://www.jalan.net/JwsRedirect.do?key=lib151e751a129&rd_key=MzMzMjA0LCwsLDEsMSwsLCwsLCwwMSwwMA==,岡山県,岡山・玉野・牛窓,牛窓・日生,瀬戸内市牛窓町鹿忍6550,ペンション,全室海側☆鳥のさえずりを聞きながら、のんびり海までの散歩できます。<BR>朝食にはオーナーが育てるミツバチの自家製の蜂蜜がたっぷり♪<BR>くろしおファームでは、やぎ達のふれあいも楽しめます。,海に近く、遊びも満載☆思い出がたくさんつくれるよ！,4860,34.5961625,134.1348775,2018-08-09 17:02:50,2018-08-09 17:02:50,4.2,4,3,4,4,5,5,33,蜂蜜,オーナー,オーナー,蜂蜜
333516,あけぼの旅館,http://www.jalan.net/JwsRedirect.do?key=lib151e751a129&rd_key=MzMzNTE2LCwsLDEsMSwsLCwsLCwwMSwwMA==,岡山県,津山・美作三湯・蒜山,津山・奥津,岡山県津山市戸川町３１,旅館,歴史と伝統のある純和風旅館。自慢は京風郷土料理。夏ははもしゃぶ、冬は鴨鍋など季節の鍋物や、作州牛のすき焼き・しゃぶしゃぶ、四季折々の懐石料理が堪能できる料理自慢の宿。,江戸時代から続く、登録有形文化財に指定された老舗料理旅館。,4200,35.0558983333333,134.002451666667,2018-08-09 17:03:10,2018-08-09 17:03:10,4,4,3,4,0,4,4,33,機会,風情,風情,機会
333562,岡山ゲストハウスいぐさ / Guest House Igusa,http://www.jalan.net/JwsRedirect.do?key=lib151e751a129&rd_key=MzMzNTYyLCwsLDEsMSwsLCwsLCwwMSwwMA==,岡山県,倉敷・総社・井笠,倉敷・児島・鷲羽山,岡山県都窪郡早島町前潟６１５－１,民宿,こだわりのつまった古民家と風情のある早島町でゆっくり流れる時間を贅沢に感じながら、心温まる交流を。岡山・瀬戸内・高松など各方面にアクセスが良いので旅の拠点としておすすめです♪,倉敷や直島・豊島への旅の拠点に！古民家ゲストハウス♪,3000,34.6015536111111,133.835106944444,2018-08-09 17:03:10,2018-08-09 17:03:10,3,3,2,5,0,3,3,33,宿泊者,地域,地域,宿泊者
333648,コートホテル倉敷,http://www.jalan.net/JwsRedirect.do?key=lib151e751a129&rd_key=MzMzNjQ4LCwsLDEsMSwsLCwsLCwwMSwwMA==,岡山県,倉敷・総社・井笠,倉敷・児島・鷲羽山,岡山県倉敷市中央２－２－２６,ホテル,女性スタッフも多く、女性の一人旅・仲間旅にも安心。美観地区へは徒歩２分。倉敷市中心部に位置しビジネス・レジャーに最適なホテル,美観地区へ徒歩２分。古都倉敷に佇む美術館のように美しいホテル,830,34.59309,133.770953888889,2018-08-09 17:02:49,2018-08-09 17:02:49,3.8,4,3,4,0,4,4,33,駐車場,近く,近く,駐車場
336668,コンフォートホテル岡山,http://www.jalan.net/JwsRedirect.do?key=lib151e751a129&rd_key=MzM2NjY4LCwsLDEsMSwsLCwsLCwwMSwwMA==,岡山県,岡山・玉野・牛窓,岡山・玉野,岡山県岡山市北区丸の内１－１－１３,ホテル,JR岡山駅より路面電車にて10分「城下」電停より徒歩1分■岡山城＆後楽園へも徒歩圏内！■Wi-Fi対応■ウェルカムドリンクサービス■無料朝食サービス,■全室禁煙■城下電停徒歩1分■Wi-Fi対応■無料朝食サービス,2450,34.6620444444444,133.933381666667,2018-08-09 17:02:50,2018-08-09 17:02:50,3.8,4,3,4,0,4,4,33,岡山城,朝食,朝食,岡山城
336868,ホテルセレクトイン津山,http://www.jalan.net/JwsRedirect.do?key=lib151e751a129&rd_key=MzM2ODY4LCwsLDEsMSwsLCwsLCwwMSwwMA==,岡山県,津山・美作三湯・蒜山,津山・奥津,岡山県津山市川崎１７６,ホテル,東津山駅より徒歩3分車で5分☆ビジネス・観光やイベントに！ルームシアターも見放題♪,セレクトホテルズが送る癒しのホテル♪,2740,35.0564536111111,134.035330555556,2018-08-09 17:03:10,2018-08-09 17:03:10,3.1,3,3,4,0,3,3,33,津山市,徒歩圏,徒歩圏,津山市
337473,天然温泉 阿智の湯 ドーミーイン倉敷,http://www.jalan.net/JwsRedirect.do?key=lib151e751a129&rd_key=MzM3NDczLCwsLDEsMSwsLCwsLCwwMSwwMA==,岡山県,倉敷・総社・井笠,倉敷・児島・鷲羽山,岡山県倉敷市阿知３－２１－１１,ホテル,開業年…2008年8月<BR>大浴場…最上階9階に露天風呂付き天然温泉大浴場<BR>朝食…岡山名物「祭ずし」を始め、和洋30種類以上の朝食バイキングが自慢です。<BR>布団:羽毛　枕:羽毛,最上階に天然温泉。白壁の街倉敷で我が家のようなお寛ぎを。,3845,34.5936161111111,133.771628888889,2018-08-09 17:02:49,2018-08-09 17:02:49,4.3,4,4,4,0,4,4,33,朝食,夜鳴きそば,ドーミーイン,朝食
338254,愛の村パーク,http://www.jalan.net/JwsRedirect.do?key=lib151e751a129&rd_key=MzM4MjU0LCwsLDEsMSwsLCwsLCwwMSwwMA==,岡山県,津山・美作三湯・蒜山,美作・湯郷,岡山県美作市中谷１３７２－１,ロッジ,兵庫と鳥取の県境にある愛の村パーク。<BR>敷地内には温泉・レストラン・遊具などがあり、お子様からご年配の方までみんなが<BR>楽しめる施設です。「愛の村パーク」には静かな山里ならではの憩いがあります！,宿泊はコテージと新増設された個室　静かな自然の中でゆっくりと,4200,35.1647875,134.382989166667,2018-08-09 17:03:10,2018-08-09 17:03:10,4,4,4,0,0,3,4,33,星空,準備,準備,星空
338433,ダイヤモンド瀬戸内マリンホテル,http://www.jalan.net/JwsRedirect.do?key=lib151e751a129&rd_key=MzM4NDMzLCwsLDEsMSwsLCwsLCwwMSwwMA==,岡山県,岡山・玉野・牛窓,岡山・玉野,玉野市渋川２－１２－１,ホテル,夏はやっぱりビーチで海水浴♪渋川海水浴場８月２６日までＯＰＥＮ<BR>おもちゃ王国や動物公園など周辺お子様向け施設も豊富にあり夏休みを満喫<BR>大人気のバイキング料理と温泉で家族みんなで楽しい思い出を<BR>,ウェルカムベビー認定の宿★おもちゃ王国＆動物園＆水族館＆海水浴,3850,34.4527669444444,133.905634444444,2018-08-09 17:02:49,2018-08-09 17:02:49,4.2,4,4,4,4,4,4,33,海,部屋,部屋,海
338600,岡山シティホテル桑田町,http://www.jalan.net/JwsRedirect.do?key=lib151e751a129&rd_key=MzM4NjAwLCwsLDEsMSwsLCwsLCwwMSwwMA==,岡山県,岡山・玉野・牛窓,岡山・玉野,岡山県岡山市北区桑田町３－３０,ホテル,明るい雰囲気の中で、美味しい食事がしたい。家族と、そして仲間と楽しい時間を過ごしたい。そんな想いを形にしたのがこのホテル。306の部屋にそれぞれのひとときと旅の思い出をお届けします。,岡山駅徒歩7分　駐車場無料!!光ファイバーインターネット使い放題,4500,34.6564961111111,133.918693055556,2018-08-09 17:02:50,2018-08-09 17:02:50,3.8,4,3,4,4,4,4,33,モール,駐車場,駐車場,モール
338630,東横イン倉敷駅南口,http://www.jalan.net/JwsRedirect.do?key=lib151e751a129&rd_key=MzM4NjMwLCwsLDEsMSwsLCwsLCwwMSwwMA==,岡山県,倉敷・総社・井笠,倉敷・児島・鷲羽山,岡山県倉敷市阿知２－１０－２０,ホテル,ＪＲ倉敷駅には徒歩で５分、美観地区にも５分と便利。柳と白壁、美術館と資料館のクラッシックな町へはすべて徒歩圏内です。水島へも車で３０分とビジネスにも最適です。,美観地区にも近く観光にもビジネスにもおすすめです！！,3327,34.5960644444444,133.770896944444,2018-08-09 17:03:10,2018-08-09 17:03:10,3.2,4,3,3,0,3,3,33,ところ,駅,駅,ところ
339999,岡山国際ホテル,http://www.jalan.net/JwsRedirect.do?key=lib151e751a129&rd_key=MzM5OTk5LCwsLDEsMSwsLCwsLCwwMSwwMA==,岡山県,岡山・玉野・牛窓,岡山・玉野,岡山県岡山市中区門田本町４－１－１６,ホテル,岡山駅よりお車で約15分。岡山市街を一望できるシティホテル☆<BR>周りは緑で囲まれ遊歩道やテラス付きレストランでプチリゾート気分を味わえます♪<BR>普通車無料の駐車場完備！お車でのご旅行も楽々♪,岡山駅よりお車で約15分。岡山市街を一望できるシティホテル☆,3500,34.6464133333333,133.951054722222,2018-08-09 17:02:50,2018-08-09 17:02:50,3.9,4,3,4,4,4,4,33,駐車場,上,上,駐車場
340173,ホテル メルパルク岡山,http://www.jalan.net/JwsRedirect.do?key=lib151e751a129&rd_key=MzQwMTczLCwsLDEsMSwsLCwsLCwwMSwwMA==,岡山県,岡山・玉野・牛窓,岡山・玉野,岡山県岡山市北区桑田町１－１３,ホテル,岡山駅東口から徒歩7分、イオンモール岡山すぐ近く♪ビジネス・観光の拠点として、ショッピングにも大変便利です！全室　空気清浄機　完備。客室【無料WiFi】完備。,☆☆☆　2018年3月　客室＆バスルーム　リニューアル！　☆☆☆,3400,34.6571683333333,133.918935277778,2018-08-09 17:03:10,2018-08-09 17:03:10,3.5,4,3,4,0,4,4,33,シャワー,洗面台,洗面台,シャワー
340382,ホテル1－2－3倉敷,http://www.jalan.net/JwsRedirect.do?key=lib151e751a129&rd_key=MzQwMzgyLCwsLDEsMSwsLCwsLCwwMSwwMA==,岡山県,倉敷・総社・井笠,倉敷・児島・鷲羽山,倉敷市老松町２－１２―１５,ホテル,セミダブルベッドを使用したゆったりシングルに、親子３人がくつろげるファミリールームも充実。前金制のためチェックアウト時の混雑もありません。朝食は無料サービスで食べ放題。駐車場も無料です。,１人で、２人で、３人で。人数が増えれば、ますます割安で宿泊！,3000,34.5916111111111,133.760633888889,2018-08-09 17:03:10,2018-08-09 17:03:10,0,0,0,0,0,0,0,33,None,None,None,None
341024,のとろ温泉 のとろ原キャンプ場バンガロー,http://www.jalan.net/JwsRedirect.do?key=lib151e751a129&rd_key=MzQxMDI0LCwsLDEsMSwsLCwsLCwwMSwwMA==,岡山県,津山・美作三湯・蒜山,津山・奥津,岡山県苫田郡鏡野町富西谷２０９１－１０,ロッジ,貸テント、バンガロー、食器類、毛布等を完備しておりご家族で、学校で、あるいは職場の皆さんで安心して利用していただけます。面積は、約４ｈａ。最大３００人が利用できます。駐車場が施設の中央で便利。,岡山県北標高７００ｍの大自然にかこまれたキャンプ場。温泉併設有,13000,35.1983283333333,133.799398055556,2018-08-09 17:03:10,2018-08-09 17:03:10,4,4,5,0,0,4,3,33,皿,虫,虫,皿
341340,コテージ蒜山の森～コンセプトログハウスでリラックス!,http://www.jalan.net/JwsRedirect.do?key=lib151e751a129&rd_key=MzQxMzQwLCwsLDEsMSwsLCwsLCwwMSwwMA==,岡山県,津山・美作三湯・蒜山,湯原・蒜山高原,岡山県真庭市蒜山本茅部５９６－４９,貸別荘,雨が降っても大丈夫♪屋根つきウッドデッキでBBQが楽しめます<BR>・ジャグジー露天風呂付「白壁のコテージ」<BR>・むき出し丸太とBBQデッキ付の「丸ログハウス」など<BR>森に囲まれた3棟の貸切空間を堪能,口コミ5.0グランピングができる宿　貸切ログハウス3棟でBBQを楽しむ,17200,35.2610688888889,133.599635277778,2018-08-09 17:02:50,2018-08-09 17:02:50,4.8,5,5,0,5,5,5,33,作り,全員,全員,作り
345288,倉敷由加温泉ホテル 山桃花,http://www.jalan.net/JwsRedirect.do?key=lib151e751a129&rd_key=MzQ1Mjg4LCwsLDEsMSwsLCwsLCwwMSwwMA==,岡山県,倉敷・総社・井笠,倉敷・児島・鷲羽山,倉敷市児島由加３２８５,旅館,倉敷美観地区より３０分、瀬戸大橋より２０分、水島ＩＣより１０分の自然と静かさにあふれた温泉旅館。四季折々に花が咲き鳥がうたい、ゆるやかな時の流れを楽しめます。,折々のお花が咲き、きれいな星空が眺められる隠れ温泉宿,12500,34.4984905555556,133.851263055556,2018-08-09 17:02:49,2018-08-09 17:02:49,4.3,4,4,4,4,5,4,33,食事,送迎バス,送迎バス,食事
346380,国民宿舎 良寛荘,http://www.jalan.net/JwsRedirect.do?key=lib151e751a129&rd_key=MzQ2MzgwLCwsLDEsMSwsLCwsLCwwMSwwMA==,岡山県,倉敷・総社・井笠,倉敷・児島・鷲羽山,岡山県倉敷市玉島柏島４７８,旅館,ロビーからは瀬戸内海をご覧いただけ、爽やかなご滞在をお過し頂けます<BR>夕食は海の幸を中心とした会席料理<BR>瀬戸大橋のある鷲羽山、倉敷美観地区まで1時間圏内！<BR>香川県への立ち寄りも楽々です♪,円通寺の丘に佇む国民宿舎、レストランや和室からは瀬戸内海一望！,3000,34.5362758333333,133.665863888889,2018-08-09 17:02:50,2018-08-09 17:02:50,4.3,4,4,4,5,4,4,33,眺め,和室,和室,眺め
346605,おかやまファーマーズ・マーケットノースヴィレッジ,http://www.jalan.net/JwsRedirect.do?key=lib151e751a129&rd_key=MzQ2NjA1LCwsLDEsMSwsLCwsLCwwMSwwMA==,岡山県,津山・美作三湯・蒜山,美作・湯郷,岡山県勝田郡勝央町岡１１００番地,ロッジ,中国道【勝央I.Cから約10分】最大１１名まで泊まれる森のロッジはロフトもあって広々！<BR>ノースヴィレッジはアスレチックや動物園、BBQコーナーにレストラン、パン作りやアイス作り体験もできて大満足～☆,自然豊かな森の中にある【ロッジ】まるごと１棟貸切☆,2840,35.035695,134.137108055556,2018-08-09 17:03:10,2018-08-09 17:03:10,4,4,3,0,4,3,4,33,自然,孫,孫,自然
347442,湯の蔵 つるや,http://www.jalan.net/JwsRedirect.do?key=lib151e751a129&rd_key=MzQ3NDQyLCwsLDEsMSwsLCwsLCwwMSwwMA==,岡山県,津山・美作三湯・蒜山,湯原・蒜山高原,真庭市湯原温泉144,旅館,創業から103年を迎えた元造り酒屋のお宿。美味しいお酒にお料理、そしてトロトロの美肌の湯・きどらず温かいおもてなしに身も心も癒されます。かけ流しの露天風呂付き客室・貸切湯も人気！,気取らない、なんだかホッとするおもてなし。元酒蔵の温泉宿,4400,35.1973247222222,133.735334166667,2018-08-09 17:02:50,2018-08-09 17:02:50,4,4,4,4,4,4,4,33,日本,部屋,部屋,日本
348144,ホテル・アルファ-ワン倉敷,http://www.jalan.net/JwsRedirect.do?key=lib151e751a129&rd_key=MzQ4MTQ0LCwsLDEsMSwsLCwsLCwwMSwwMA==,岡山県,倉敷・総社・井笠,倉敷・児島・鷲羽山,岡山県倉敷市阿知２－２－２６,ホテル,※４月１日以降のご宿泊には、８％の消費税を含む総額による表示を行っております。（当サイトシステムの都合上、一部画面では実際の室料（本体価格）とは異なりますので、予めご了承下さいませ。）,平成25年7月オープン！！,6350,34.5973066666667,133.770419166667,2018-08-09 17:02:50,2018-08-09 17:02:50,3.9,4,4,0,0,4,4,33,浴場,駐車,駐車,浴場
348271,灘屋旅館,http://www.jalan.net/JwsRedirect.do?key=lib151e751a129&rd_key=MzQ4MjcxLCwsLDEsMSwsLCwsLCwwMSwwMA==,岡山県,津山・美作三湯・蒜山,美作・湯郷,岡山県美作市真加部２９１－１,旅館,【中国自動車道美作IC】下車１０分、観光・出張・ゴルフなどに便利♪<BR>自然に囲まれて静かでのんびり出来る小さな旅館、全室Wi-Fi接続、、<BR>夕食にお酒の持ち込みOK・大型車両の駐車場あり、お一人様も歓迎,【１日３組限定のんびり泊まれる旅館】静かにゆっくり過ごせる宿♪,6500,35.0748172222222,134.193032222222,2018-08-09 17:03:17,2018-08-09 17:03:17,0,0,0,0,0,0,0,33,None,None,None,None
348925,真庭リバーサイドホテル,http://www.jalan.net/JwsRedirect.do?key=lib151e751a129&rd_key=MzQ4OTI1LCwsLDEsMSwsLCwsLCwwMSwwMA==,岡山県,津山・美作三湯・蒜山,湯原・蒜山高原,岡山県真庭市開田６２０,ホテル,国産牛の鉄板焼などのコース料理も人気☆<BR>お肌にうれしい泉質が自慢のまにわ温泉『白梅の湯』は100％天然温泉♪<BR>日本でも希少価値の高いバドガスタイン鉱石を使った岩盤浴も！,☆ビジネスでも温泉付き☆お肌にうれしい泉質自慢の宿♪岩盤浴も☆,5150,35.0373816666667,133.756903055556,2018-08-09 17:03:17,2018-08-09 17:03:17,3.5,4,4,3,4,3,4,33,父親,雪,雪,父親
349224,アークホテル岡山－ルートインホテルズ－,http://www.jalan.net/JwsRedirect.do?key=lib151e751a129&rd_key=MzQ5MjI0LCwsLDEsMSwsLCwsLCwwMSwwMA==,岡山県,岡山・玉野・牛窓,岡山・玉野,岡山県岡山市下石井２－６－１,ホテル,◆岡山駅からはイオンモール方面へ地下道が便利！徒歩約7分！<BR>◆こだわりの地産地消バイキング朝食は、焼き立てパンも人気♪<BR>◆無料Wi-Fi＆加湿機能付空気清浄機完備<BR>◆ＷＯＷＯＷ全室で視聴可能！,岡山駅徒歩７分！イオンモール岡山が隣で便利♪地産地消朝食が好評,2880,34.6573922222222,133.920966388889,2018-08-09 17:02:50,2018-08-09 17:02:50,3.6,3,3,4,0,4,4,33,出張,方,方,出張
349970,料理旅館 鶴形,http://www.jalan.net/JwsRedirect.do?key=lib151e751a129&rd_key=MzQ5OTcwLCwsLDEsMSwsLCwsLCwwMSwwMA==,岡山県,倉敷・総社・井笠,倉敷・児島・鷲羽山,岡山県倉敷市中央１－３－１５,旅館,1744年築の歴史ある館は、白壁の町倉敷の旅をいっそう楽しく感慨深いものといたしましょう。<BR>JAL「新・JAPAN　PROJECT」1月の国内線ファーストクラス機内食は当館料理長が監修、夕食として提供されます。,徳川八代将軍吉宗の時代に建てられた　倉敷で最も古い由緒ある建物,16740,34.5929680555556,133.774375277778,2018-08-09 17:02:50,2018-08-09 17:02:50,4.5,4,3,5,5,5,5,33,雰囲気,中,中,雰囲気
350220,ホテルエリアワン岡山(HOTEL AREAONE),http://www.jalan.net/JwsRedirect.do?key=lib151e751a129&rd_key=MzUwMjIwLCwsLDEsMSwsLCwsLCwwMSwwMA==,岡山県,岡山・玉野・牛窓,岡山・玉野,岡山県岡山市北区幸町７－１,ホテル,岡山駅東口から徒歩５分！イオンモール岡山向かい♪<BR>全室Wi-Fi無料・個別空調・洗浄機付トイレ完備！<BR>コンビニや飲食街も徒歩圏内で利便性バツグン◎<BR>あなたの≪出張≫≪観光≫≪一人旅≫を応援します！,□■□　岡山駅東口から徒歩５分！イオンモール岡山向かい　□■□,2600,34.6588202777778,133.922113611111,2018-08-09 17:03:10,2018-08-09 17:03:10,2.9,3,3,3,0,4,3,33,目,モール,モール,目
350400,ビジネスホテル歴城荘,http://www.jalan.net/JwsRedirect.do?key=lib151e751a129&rd_key=MzUwNDAwLCwsLDEsMSwsLCwsLCwwMSwwMA==,岡山県,倉敷・総社・井笠,総社・井原・笠岡,岡山県井原市井原町７１７,ホテル,戦前の製材所跡地4500平米にあり、２ｋｍの桜トンネル初夏には蛍も飛ぶ小田川堤　田中美術館ともに徒歩5分。難波から高速バス便の井原バスセンターは東隣。旧山陽道七日市から600ｍです。,井笠備中備後への旅行仕事に　合宿にもご利用いただいてます。,4750,34.5979027777778,133.469036111111,2018-08-09 17:03:10,2018-08-09 17:03:10,4,4,3,0,0,4,3,33,設備,観光,観光,設備
350610,料理&お宿 下津井亭,http://www.jalan.net/JwsRedirect.do?key=lib151e751a129&rd_key=MzUwNjEwLCwsLDEsMSwsLCwsLCwwMSwwMA==,岡山県,倉敷・総社・井笠,倉敷・児島・鷲羽山,岡山県倉敷市下津井４－１－３,旅館,雄大なる瀬戸大橋を目の前にして歴史ある下津井港のほとりに位置する古風なお宿です。下津井沖でとれた新鮮な魚を心を込めて調理した和食を味わって下さい。各宿泊プランをご用意しております。,下津井亭に泊ろう！下津井で取れた旬の魚を調理しております！,10584,34.4360836111111,133.792682777778,2018-08-09 17:03:10,2018-08-09 17:03:10,0,0,0,0,0,0,0,33,None,None,None,None
351451,東横イン岡山駅東口,http://www.jalan.net/JwsRedirect.do?key=lib151e751a129&rd_key=MzUxNDUxLCwsLDEsMSwsLCwsLCwwMSwwMA==,岡山県,岡山・玉野・牛窓,岡山・玉野,岡山県岡山市北区駅前町１－７－３,ホテル,充実した設備と心温まる笑顔で、スタッフ一同お待ちしております。<BR>ズボンプレッサー貸出あり（各階にフロアに準備）、インターネット接続無料、ロビー無線ＬＡＮ等<BR>ビジネスマンに嬉しい設備充実のホテル,JR岡山駅より徒歩３分。清潔・安心・低料金で快適なホテルです。,3825,34.6633258333333,133.923644722222,2018-08-09 17:03:10,2018-08-09 17:03:10,4.1,4,3,4,0,4,4,33,岡山,文句,文句,岡山
352588,三洋旅館,http://www.jalan.net/JwsRedirect.do?key=lib151e751a129&rd_key=MzUyNTg4LCwsLDEsMSwsLCwsLCwwMSwwMA==,岡山県,倉敷・総社・井笠,総社・井原・笠岡,岡山県笠岡市中央町２０－４,旅館,最寄り駅・最寄りICからのアクセス抜群！瀬戸内海の鮮魚や旬の食材をたっぷり使ったお料理も自慢。1階のレストラン【お多津】へもお気軽にどうぞ！某グルメサイトでも高評価★名物笠岡ラーメンが大人気♪,ＪＲ笠岡駅より徒歩3分★@5500円～のリーズナブルさと料理が自慢！,5500,34.5031277777778,133.507836111111,2018-08-09 17:03:10,2018-08-09 17:03:10,4.1,4,4,4,5,4,4,33,点,重視,重視,点
352864,スーパーホテルInn倉敷水島 天然温泉 桃太郎の湯,http://www.jalan.net/JwsRedirect.do?key=lib151e751a129&rd_key=MzUyODY0LCwsLDEsMSwsLCwsLCwwMSwwMA==,岡山県,倉敷・総社・井笠,倉敷・児島・鷲羽山,岡山県倉敷市水島西栄町10-8,ホテル,"2013年8月1日全館リニューアル<BR>天然温泉！健康朝食バイキング無料！シングル1泊6,000円～日本経営品質賞受賞！<BR>専用駐車場70台分と提携市営駐車場も有。（無料、先着順）<BR>LOHASなホテルをご満喫下さい。",おかげさまで２つの顧客満足度調査で満足度NO．1ダブル受賞！！,3300,34.5357980555556,133.74593,2018-08-09 17:02:50,2018-08-09 17:02:50,3.4,4,3,3,0,4,4,33,周辺,方,方,周辺
352950,ウッディハウス加茂,http://www.jalan.net/JwsRedirect.do?key=lib151e751a129&rd_key=MzUyOTUwLCwsLDEsMSwsLCwsLCwwMSwwMA==,岡山県,津山・美作三湯・蒜山,津山・奥津,岡山県津山市加茂町中原５１６－１,旅館,【宴会場・研修室・和風レストラン・温泉】完備◎<BR>町内産の木材を使用した木の香りが漂うロッジ風の造りが特徴です！<BR>朝食は和食、夕食は当店自慢の会席をどうぞ♪,人も自然もフレンドリー♪木のぬくもりに癒されるロッジ風の宿,4550,35.1724097222222,134.048460555556,2018-08-09 17:03:10,2018-08-09 17:03:10,4.3,4,4,5,5,4,4,33,意味,準備,準備,意味
353005,ワンちゃんと泊まる宿 ラハイナ,http://www.jalan.net/JwsRedirect.do?key=lib151e751a129&rd_key=MzUzMDA1LCwsLDEsMSwsLCwsLCwwMSwwMA==,岡山県,岡山・玉野・牛窓,牛窓・日生,岡山県瀬戸内市牛窓町鹿忍６３４８－６,ペンション,大型犬もOK★牛窓の豊かな自然に囲まれた海辺の宿。全室オーシャンビューの開放感あふれる雰囲気の中でワンちゃんと一緒にお過ごしください。冬は鴨鍋や蒸し牡蠣食べ放題、夏は炭焼きBBQが好評です。,ワンちゃんと一緒に安心して滞在！海を見渡せるドッグラン完備,12000,34.5991897222222,134.134858611111,2018-08-09 17:02:50,2018-08-09 17:02:50,4.4,4,3,4,4,5,4,33,坂,写真,写真,坂
353043,旅のあしあと,http://www.jalan.net/JwsRedirect.do?key=lib151e751a129&rd_key=MzUzMDQzLCwsLDEsMSwsLCwsLCwwMSwwMA==,岡山県,津山・美作三湯・蒜山,津山・奥津,岡山県久米郡久米南町里方８２８－７,民宿,第二の故郷に帰ってきたような温かさと豊な自然に囲まれるゲストハウス♪<BR>旅好きなオーナーや旅人どうしで語らうひととき、ここでしか味わえない<BR>一期一会の楽しみ。ノープランな旅でも観光案内しますよ。,旅好きなオーナーが迎える！アットホームなゲストハウス旅人宿,2800,34.9520063888889,133.957789166667,2018-08-09 17:03:10,2018-08-09 17:03:10,0,0,0,0,0,0,0,33,None,None,None,None
353706,蒜山コテージすみれ荘,http://www.jalan.net/JwsRedirect.do?key=lib151e751a129&rd_key=MzUzNzA2LCwsLDEsMSwsLCwsLCwwMSwwMA==,岡山県,津山・美作三湯・蒜山,湯原・蒜山高原,岡山県真庭市蒜山中福田９５５－１１５,貸別荘,サイクリング、乗馬、ハイキング等蒜山高原の自然をお楽しみ下さい。素泊まり、１棟貸、６名様（最多８名）までご利用可。お友達、御家族同士のグループでのんびり楽しく過ごして頂けます。ＢＢＱ、ＯＫ,西の軽井沢、蒜山高原の貸コテージ！本格的ログハウスです。,25000,35.2758344444444,133.651016388889,2018-08-09 17:03:10,2018-08-09 17:03:10,0,0,0,0,0,0,0,33,None,None,None,None
353978,the view 瀬戸内,http://www.jalan.net/JwsRedirect.do?key=lib151e751a129&rd_key=MzUzOTc4LCwsLDEsMSwsLCwsLCwwMSwwMA==,岡山県,倉敷・総社・井笠,総社・井原・笠岡,岡山県浅口市金光町上竹２５３６－５,ホテル,テラスで眺める空と太陽の時間。<BR>夜は山頂から見渡す夜景と、視界いっぱいに広がる星空。<BR>夕食は地元で捕れた新鮮な魚介類や季節の野菜で楽しむフレンチイタリアン。<BR>”癒やし”空間をおもてなしします。,NEWOPEN！瀬戸内の多島美と夜景を臨む、山頂に佇む癒しの隠れ家。,8100,34.5668052777778,133.618461388889,2018-08-09 17:03:10,2018-08-09 17:03:10,0,0,0,0,0,0,0,33,None,None,None,None
354672,大日高原ビジターハウス,http://www.jalan.net/JwsRedirect.do?key=lib151e751a129&rd_key=MzU0NjcyLCwsLDEsMSwsLCwsLCwwMSwwMA==,岡山県,高梁・新見・吉備高原,新見・阿哲,岡山県新見市大佐小阪部２２４０－１,貸別荘,★大自然を体感！★洞窟探検★カヌー★シャワートレッキング★パラグライダー体験などができる宿★低料金なのでビジネスマンやファミリーにも最適！周辺にはミニゴルフ場やスーパーもあります,★大自然を体感！★各種アウトドア体験の出来る宿★出張にも便利,3750,35.0769144444444,133.558513333333,2018-08-09 17:03:10,2018-08-09 17:03:10,1,1,1,0,0,2,1,33,網戸,虫,虫,網戸
354844,蒜山高原 森林浴の小宿湯船荘,http://www.jalan.net/JwsRedirect.do?key=lib151e751a129&rd_key=MzU0ODQ0LCwsLDEsMSwsLCwsLCwwMSwwMA==,岡山県,津山・美作三湯・蒜山,湯原・蒜山高原,岡山県真庭市蒜山湯船５９８,旅館,蒜山の高原野菜、女将手作りの自家製米に自家製味噌。<BR>地元の旬の食材を使った身体に優しい素朴な田舎料理をお楽しみ下さい。<BR>観光目的の方はもちろん、大山蒜山の登山、出張、合宿にもおすすめです♪,蒜山高原の手作り自然食と森林浴で心がなごむひと時を…,4000,35.2992605555556,133.639866111111,2018-08-09 17:03:17,2018-08-09 17:03:17,3.1,3,3,4,4,3,3,33,和室,ジンギスカン,ジンギスカン,和室
354902,西大寺グランドホテル,http://www.jalan.net/JwsRedirect.do?key=lib151e751a129&rd_key=MzU0OTAyLCwsLDEsMSwsLCwsLCwwMSwwMA==,岡山県,岡山・玉野・牛窓,岡山・玉野,岡山県岡山市東区西大寺中２―１２―９,ホテル,周辺に所要のビジネス客にも、車を使う観光客にも。大き目の部屋で全室無料WiFiあり。周辺にはスーパー・グルメも豊富で無料自転車貸出で生活が充実。駅・バスターミナル・主要道路にも近く便利です。<BR>,駐車場無料。瀬戸内市・備前市・赤磐市等の岡山東部へアクセス便利,5700,34.6527691666667,134.036433611111,2018-08-09 17:03:10,2018-08-09 17:03:10,4,5,4,4,0,5,5,33,テンション,アロマ,アロマ,テンション
355414,唐琴荘,http://www.jalan.net/JwsRedirect.do?key=lib151e751a129&rd_key=MzU1NDE0LCwsLDEsMSwsLCwsLCwwMSwwMA==,岡山県,岡山・玉野・牛窓,牛窓・日生,岡山県瀬戸内市牛窓町牛窓５７８２－２,旅館,牛窓から目と鼻の先「前島」にある海さち料理が自慢の憩いの宿です。海上からの「日本のエーゲ海」牛窓を眺めながら島に渡り、美味しいお魚料理と島内や瀬戸内の風情をごゆっくりとお楽しみいただけます。,心を込めた瀬戸内海の新鮮な海さち料理と心安らぐくつろぎの宿！,10800,34.6081011111111,134.174624444444,2018-08-09 17:02:50,2018-08-09 17:02:50,4.6,5,4,5,5,5,5,33,刺身,女将,女将,刺身
356775,湯原温泉 我無らん,http://www.jalan.net/JwsRedirect.do?key=lib151e751a129&rd_key=MzU2Nzc1LCwsLDEsMSwsLCwsLCwwMSwwMA==,岡山県,津山・美作三湯・蒜山,湯原・蒜山高原,岡山県真庭市湯原温泉１１４番地,旅館,6つのお部屋すべてに天然温泉掛け流しのお風呂がついた新感覚のバリスタイルお籠り宿。宿泊はもちろん、デイユースも。創作和会席、オリジナル創作鍋コースが人気。個室岩盤浴、専用エステルームあり。,掛け流し温泉をバリスタイルのお部屋で楽しめる新感覚のお籠り宿,7000,35.1972586111111,133.734599166667,2018-08-09 17:02:49,2018-08-09 17:02:49,4.3,4,5,5,5,4,4,33,カップル,湯船,湯船,カップル
357864,ヘルスピア倉敷,http://www.jalan.net/JwsRedirect.do?key=lib151e751a129&rd_key=MzU3ODY0LCwsLDEsMSwsLCwsLCwwMSwwMA==,岡山県,倉敷・総社・井笠,倉敷・児島・鷲羽山,岡山県倉敷市連島町西之浦４１４１,ホテル,ダイエットをはじめ体調のリセットやデトックスに効果的と言われ注目を集めている「ファスティング」を専門的に行う宿泊施設。滞在日数に応じたプログラムを用意しており、退屈せずにお過ごししただけます。,＜心身をリフレッシュ＞人参ジュースで無理なくファスティング！！,6480,34.5512952777778,133.7238225,2018-08-09 17:03:10,2018-08-09 17:03:10,4.3,5,4,4,4,4,4,33,体験,目的,目的,体験
358164,旅館 つり幸,http://www.jalan.net/JwsRedirect.do?key=lib151e751a129&rd_key=MzU4MTY0LCwsLDEsMSwsLCwsLCwwMSwwMA==,岡山県,岡山・玉野・牛窓,牛窓・日生,岡山県備前市日生町日生６４８－３０,旅館,日生の海のすぐ脇に建つ当宿は、四季折々の旬の味覚を大切に瀬戸内の新鮮な食材を活かした会席料理を真心こもった料理でおもてなし致します。館内からは海景色を眺め、安らぎのひとときをお過し下さい。,穏やかな日生の海と日生大橋を一望★季節ごとに美味しい旬の海の幸,6400,34.7257811111111,134.278286388889,2018-08-09 17:03:10,2018-08-09 17:03:10,4.5,4,4,4,5,4,5,33,朝ごはん,観光,観光,朝ごはん
358832,グルメ北木島,http://www.jalan.net/JwsRedirect.do?key=lib151e751a129&rd_key=MzU4ODMyLCwsLDEsMSwsLCwsLCwwMSwwMA==,岡山県,倉敷・総社・井笠,総社・井原・笠岡,岡山県笠岡市北木島町１０４０７－１６,民宿,海に囲まれた島ならでわの魚介類の豊かさ、当館は漁師と提携しその日に獲れた天然の魚のみ使用、四季折々の魚介類が楽しめます。釣り海水浴も穴場的な存在。当館自慢の石風呂も是非お入り頂きたいです。,瀬戸内海のど真中の北木島新鮮料理が盛りだくさん,11550,34.3977775,133.542440277778,2018-08-09 17:03:10,2018-08-09 17:03:10,4,4,4,4,5,4,4,33,レンタサイクル,兄さん,兄さん,レンタサイクル
360719,岡山スクエアホテル,http://www.jalan.net/JwsRedirect.do?key=lib151e751a129&rd_key=MzYwNzE5LCwsLDEsMSwsLCwsLCwwMSwwMA==,岡山県,岡山・玉野・牛窓,岡山・玉野,岡山県岡山市北区田町２－５－１２,ホテル,◆リピーター多数！◆田町電停徒歩３分、繁華街【田町・中央町】・コンビニ徒歩すぐ◆全室Wi-Fi・VOD完備◆1泊～長期のご滞在まで快適にお過ごし頂けます◆門限なし◆天満屋岡山店まで徒歩10分,繁華街【田町・中央町】徒歩すぐ♪リーズナブルなビジネスホテル,2980,34.6562177777778,133.928613888889,2018-08-09 17:02:50,2018-08-09 17:02:50,3.7,4,3,3,0,4,4,33,洋食,YouTube,YouTube,洋食
360740,美肌の湯 新見千屋温泉 いぶきの里 ～千屋牛ふるさとの宿～,http://www.jalan.net/JwsRedirect.do?key=lib151e751a129&rd_key=MzYwNzQwLCwsLDEsMSwsLCwsLCwwMSwwMA==,岡山県,高梁・新見・吉備高原,新見・阿哲,岡山県新見市千屋花見１３３６－５,旅館,岡山県新見市のスキー場横にある温泉。炭酸水素イオンの多く含まれた「すべすべ美肌の湯」と言われる良質な温泉と千屋牛のふるさとで「千屋牛料理」がご当地価格で楽しめる。チェックイン前12時～入浴ＯＫ！,千屋牛のふるさとで食べる「千屋牛」と評判の「美肌の湯」で,8800,35.165395,133.413072222222,2018-08-09 17:02:49,2018-08-09 17:02:49,4.3,4,5,4,5,4,4,33,露天風呂,宿泊客,宿泊客,露天風呂
361104,土佐家旅館,http://www.jalan.net/JwsRedirect.do?key=lib151e751a129&rd_key=MzYxMTA0LCwsLDEsMSwsLCwsLCwwMSwwMA==,岡山県,倉敷・総社・井笠,総社・井原・笠岡,岡山県浅口市金光町大谷２２８－１,旅館,文政十年の創業以来190年、金光教のご霊地で受け継がれてきた「おもてなしの心」を大事にして<BR>皆様のお越しをお待ちしています。,金光駅徒歩3分★観光やお参りに好立地！,4114,34.5370419444444,133.625777222222,2018-08-09 17:03:10,2018-08-09 17:03:10,2,2,1,0,0,3,4,33,鍵,客室,客室,鍵
361220,児島プチホテル,http://www.jalan.net/JwsRedirect.do?key=lib151e751a129&rd_key=MzYxMjIwLCwsLDEsMSwsLCwsLCwwMSwwMA==,岡山県,倉敷・総社・井笠,倉敷・児島・鷲羽山,岡山県倉敷市児島駅前１-７８,ホテル,児島駅前好立地！車で水島方面へ30分・倉敷方面へ40分と各方面へのアクセスに便利。児島ICより車で6分・高速道路利用にも便利です。駐車場・インターネット回線利用無料。観光やビジネスに便利です。,★児島駅より徒歩5分★岡山・高松などへのアクセスにも便利！,4600,34.4611680555556,133.807163888889,2018-08-09 17:03:17,2018-08-09 17:03:17,3,3,2,2,0,3,3,33,トイレ,排水,排水,トイレ
362190,プチホテルゆばらリゾート,http://www.jalan.net/JwsRedirect.do?key=lib151e751a129&rd_key=MzYyMTkwLCwsLDEsMSwsLCwsLCwwMSwwMA==,岡山県,津山・美作三湯・蒜山,湯原・蒜山高原,岡山県真庭市湯原温泉６８,ホテル,温泉街の中心で浴衣で散策が可能<BR>お料理は地元食材の創作料理はクチコミでも高評価<BR>夕食時には種類豊富な地酒と自家製ドリンク、オリジナルカクテル等と<BR>オルゴールの演奏が楽しめます<BR><BR>,温泉街をまるごと楽しめる立地と「人よし味よし温泉よし」の宿です,6500,35.1982216666667,133.734062222222,2018-08-09 17:03:10,2018-08-09 17:03:10,4,3,4,4,4,4,3,33,こだわり,素材,素材,こだわり
363340,倉敷駅前ユニバーサルホテル,http://www.jalan.net/JwsRedirect.do?key=lib151e751a129&rd_key=MzYzMzQwLCwsLDEsMSwsLCwsLCwwMSwwMA==,岡山県,倉敷・総社・井笠,倉敷・児島・鷲羽山,岡山県倉敷市中央２－１－１５,ホテル,朝食も夕食も無料！！<BR>朝食は26種類の和洋バイキング<BR>夕食は毎日替わる日替定食かカレー定食のチョイス<BR>　サラダバー、ドリンクバーも無料でご利用いただけます。！！,朝食無料・和洋バイキング/夕食無料・日替定食/温泉無料,4990,34.5930561111111,133.771628055556,2018-08-09 17:03:10,2018-08-09 17:03:10,2.9,3,3,3,3,3,3,33,サウナ,ホテル,ホテル,サウナ
363870,ベッセルホテル倉敷,http://www.jalan.net/JwsRedirect.do?key=lib151e751a129&rd_key=MzYzODcwLCwsLDEsMSwsLCwsLCwwMSwwMA==,岡山県,倉敷・総社・井笠,倉敷・児島・鷲羽山,岡山県倉敷市松島１１７７－７,ホテル,リーズナブルな料金で、広い客室にクィーンサイズベット、広いデスクを標準装備し、朝食サービス、駐車場も無料で利用できるなど機能性と快適性にこだわったホテル。全客室で無料のWi-Fi接続サービス導入！,広い客室とゆったりベッドが自慢！ビジネスや観光の拠点に最適！,2618,34.6257930555556,133.80454,2018-08-09 17:02:50,2018-08-09 17:02:50,4.1,4,3,4,0,4,4,33,駐車場,スーパー,スーパー,駐車場
363992,もえぎの里 あば交流館,http://www.jalan.net/JwsRedirect.do?key=lib151e751a129&rd_key=MzYzOTkyLCwsLDEsMSwsLCwsLCwwMSwwMA==,岡山県,津山・美作三湯・蒜山,津山・奥津,岡山県津山市阿波１２００,旅館,わずか6室のプチホテル。昔ながらの自然に囲まれ、天然温泉と地産料理を味わうことができる。澄んだ空気の中、喧噪を忘れてちょっと贅沢なリゾート体験を。近くには名瀑「布滝」もあり避暑としても最適。,にほんの里100選に選ばれた阿波で天然温泉と地産料理を堪能♪,4860,35.2327563888889,134.114361388889,2018-08-09 17:03:10,2018-08-09 17:03:10,5,4,5,3,0,4,5,33,自販機,到着,到着,自販機
364505,倉敷の一棟貸しの宿「バルビゾン」,http://www.jalan.net/JwsRedirect.do?key=lib151e751a129&rd_key=MzY0NTA1LCwsLDEsMSwsLCwsLCwwMSwwMA==,岡山県,倉敷・総社・井笠,倉敷・児島・鷲羽山,岡山県倉敷市船倉町１２２３－１,旅館,古民家をリノベーションした一棟貸しのお宿です。倉敷美観地区まで徒歩3分。美観地区を庭のように感じながら、暮らすように滞在できます。女子会や小さなお子様連れのご家族でのご利用もおすすめです♪,＊美観地区すぐそば＊１日１組限定＊倉敷に暮らすように滞在,9000,34.5909597222222,133.776726388889,2018-08-09 17:03:10,2018-08-09 17:03:10,4,4,4,0,0,3,4,33,美観地区,居心地,居心地,美観地区
364580,砂湯のお膝元 湯原国際観光ホテル菊之湯,http://www.jalan.net/JwsRedirect.do?key=lib151e751a129&rd_key=MzY0NTgwLCwsLDEsMSwsLCwsLCwwMSwwMA==,岡山県,津山・美作三湯・蒜山,湯原・蒜山高原,岡山県真庭市湯原温泉１６,旅館,露天風呂西の横綱に輝く名泉「砂湯」に近く、地元の山海料理の数々が堪能できる宿。中国エリアで初めて認定の「ウエルカムベビーの宿」♪露天風呂付客室もある別邸YuYaはペット同伴OK！,露天風呂西の横綱・名泉「砂湯」近くの赤ちゃん・ペットも歓迎の宿,4860,35.2000719444444,133.733824166667,2018-08-09 17:02:50,2018-08-09 17:02:50,4.1,4,4,4,4,4,4,33,露天風呂,ペット,ペット,露天風呂
364607,里山の休日を愉しむ宿 農家民宿 福屋,http://www.jalan.net/JwsRedirect.do?key=lib151e751a129&rd_key=MzY0NjA3LCwsLDEsMSwsLCwsLCwwMSwwMA==,岡山県,津山・美作三湯・蒜山,美作・湯郷,岡山県美作市後山１４３９－２,民宿,家族や友達でわいわい、夫婦やカップルでのんびり過ごすもよし！<BR>１棟貸し切りの宿なので、使い方は自由自在。バーベキューや魚のつかみどり体験、ウッドデッキやハンモックなどアウトドアも楽しめます♪,8/13　空きあり！　～　バーベキュー・魚のつかみ取り・自然体験　～,3456,35.1593344444444,134.391467777778,2018-08-09 17:02:50,2018-08-09 17:02:50,4.8,5,4,4,5,5,5,33,子ども連れ,庭,庭,子ども連れ
365303,津山グランドホテル,http://www.jalan.net/JwsRedirect.do?key=lib151e751a129&rd_key=MzY1MzAzLCwsLDEsMSwsLCwsLCwwMSwwMA==,岡山県,津山・美作三湯・蒜山,津山・奥津,岡山県津山市昭和町１－２４,旅館,津山駅から2番目に近いビジネスホテル【徒歩約5分】【駐車場無料（限定30台）】【Wi-Fi接続無料（本館・離れ除く）】,ＪＲ津山駅から徒歩約5分、駐車場無料、全室ＷｉＦｉ完備！,3800,35.0523638888889,134.002204444444,2018-08-09 17:03:10,2018-08-09 17:03:10,3,3,3,4,0,3,3,33,出張,コンビニ,コンビニ,出張
366236,岡山ひるぜん クリスマスコテージ,http://www.jalan.net/JwsRedirect.do?key=lib151e751a129&rd_key=MzY2MjM2LCwsLDEsMSwsLCwsLCwwMSwwMA==,岡山県,津山・美作三湯・蒜山,湯原・蒜山高原,岡山県真庭市蒜山湯船山王原,貸別荘,自然の豊かな蒜山高原にある全9棟のコテージ。<BR>人数や好みに合わせてぴったりなものをお選び下さい。<BR>設備備品充実で当日でも気軽にご利用いただけます！<BR>周辺には観光地やレジャースポットがたくさん。,蒜山ICから約5分！大自然にかこまれた蒜山で貸切別荘☆ペット可！,4730,35.2857369444444,133.643813888889,2018-08-09 17:03:10,2018-08-09 17:03:10,3.5,5,4,0,0,3,4,33,担当,可,可,担当
366600,岡山グリーンホテル,http://www.jalan.net/JwsRedirect.do?key=lib151e751a129&rd_key=MzY2NjAwLCwsLDEsMSwsLCwsLCwwMSwwMA==,岡山県,岡山・玉野・牛窓,岡山・玉野,岡山県岡山市北区駅前町２丁目４番８号,ホテル,岡山駅東口から徒歩5分。市内中心部で無料駐車場完備！　ハーレーのような大型バイクも駐車可能【トラック不可】ビジネス出張から家族旅行の拠点に最適のホテル。,岡山駅から徒歩５分！充実設備に車20台無料（満車時有料）のホテル,2930,34.6647988888889,133.923748888889,2018-08-09 17:03:10,2018-08-09 17:03:10,3.4,4,3,3,0,3,3,33,配置,岡山駅,岡山駅,配置
368320,鷲羽グランドホテル 備前屋甲子,http://www.jalan.net/JwsRedirect.do?key=lib151e751a129&rd_key=MzY4MzIwLCwsLDEsMSwsLCwsLCwwMSwwMA==,岡山県,倉敷・総社・井笠,倉敷・児島・鷲羽山,岡山県倉敷市下津井５－１－１,旅館,夕日を眺めながら展望レストランで瀬戸内の新鮮素材、鯛と蛸を中心とした会席料理を堪能できる。お部屋食も可能。選べる５つの貸切展望風呂で癒され、全館オーシャンビューの客室でゆったりと寛げる。,日本の夕陽百選に選ばれた落陽と瀬戸大橋の眺望が抜群の温泉宿。,9800,34.4365558333333,133.784656111111,2018-08-09 17:02:50,2018-08-09 17:02:50,4,4,4,4,4,4,4,33,景色,夕日,夕日,景色
368388,岡山駅前ユニバーサルホテル,http://www.jalan.net/JwsRedirect.do?key=lib151e751a129&rd_key=MzY4Mzg4LCwsLDEsMSwsLCwsLCwwMSwwMA==,岡山県,岡山・玉野・牛窓,岡山・玉野,岡山県岡山市北区幸町９－６,ホテル,朝食も夕食も無料！！<BR>朝食は26種類の和洋バイキング<BR>夕食は毎日替わる日替定食かカレー定食のチョイス<BR>無料サラダバー、無料ドリンクバーもご利用いただけます！！,朝食無料・和洋バイキング/夕食無料・日替定食/温泉＆サウナ無料,5560,34.6576452777778,133.9228225,2018-08-09 17:03:10,2018-08-09 17:03:10,3.1,3,3,3,3,3,3,33,食堂,浴場,浴場,食堂
368666,山荘やなはら,http://www.jalan.net/JwsRedirect.do?key=lib151e751a129&rd_key=MzY4NjY2LCwsLDEsMSwsLCwsLCwwMSwwMA==,岡山県,津山・美作三湯・蒜山,津山・奥津,岡山県久米郡美咲町柵原７２８－１０,旅館,岡山県の中央、美咲町に建つ歴史ある学校校舎跡を利用。<BR>「ホッ…と落ち着ける」そんな故郷のような場所です。<BR>特産「黄ニラ」を使った自家製ダレで食べる卵かけごはんが人気です♪,自然以外な～んにもありません。山あいに立つ校舎跡を利用した山荘,4000,34.959905,134.059379444444,2018-08-09 17:03:10,2018-08-09 17:03:10,4,4,3,4,4,4,4,33,主人,ライト,ライト,主人
368860,リバーサイド湯郷,http://www.jalan.net/JwsRedirect.do?key=lib151e751a129&rd_key=MzY4ODYwLCwsLDEsMSwsLCwsLCwwMSwwMA==,岡山県,津山・美作三湯・蒜山,美作・湯郷,岡山県美作市林野２７５,旅館,長い年月、ずっと変わらぬ美作の自然、吉野川のせせらぎ、静寂さ…。<BR>窓を開ければその季節季節を表した日本の穏やかな田園風景が広がります。　<BR>料理は会席・美作牛すき焼き・鴨鍋などがございます。,美作の自然、吉野川のせせらぎ…アットホームな湯郷の宿,4150,34.9976383333333,134.149072777778,2018-08-09 17:03:17,2018-08-09 17:03:17,3,3,3,4,3,3,3,33,天井,不便,不便,天井
369538,ファミリーロッジ旅籠屋・岡山店,http://www.jalan.net/JwsRedirect.do?key=lib151e751a129&rd_key=MzY5NTM4LCwsLDEsMSwsLCwsLCwwMSwwMA==,岡山県,岡山・玉野・牛窓,岡山・玉野,岡山県岡山市北区高松２５２－１,ホテル,広い客室にクイーンサイズベッド２台を配置した人気のロードサイドホテル。朝軽食・WiFi＆ネット接続・駐車場いずれも無料。コインランドリーあり。ご家族、カップルやグループ、ビジネスにも最適。,自由な旅に最適な、話題のアメリカンスタイルのホテル。軽朝食無料,2835,34.6843313888889,133.822571388889,2018-08-09 17:03:10,2018-08-09 17:03:10,4.2,4,4,4,0,4,4,33,システム,洗濯機,洗濯機,システム
369684,湯郷温泉 和モダンなお宿 かつらぎ,http://www.jalan.net/JwsRedirect.do?key=lib151e751a129&rd_key=MzY5Njg0LCwsLDEsMSwsLCwsLCwwMSwwMA==,岡山県,津山・美作三湯・蒜山,美作・湯郷,岡山県美作市湯郷８００,旅館,「美作IC」から車で7分。津山まで約30分。湯郷温泉に佇む和モダンな宿。宿周辺におすすめ居酒屋多数。全室Wi-Fiでビジネス利用も◎別館「9R　HOSTEL」も人気♪貸切露天風呂、カフェや梅酒バー、エステなど♪,リーズナブルに湯郷温泉満喫♪貸切露天風呂、カフェや梅酒バーetc,2800,34.9891847222222,134.136818333333,2018-08-09 17:02:50,2018-08-09 17:02:50,0,0,0,0,0,0,0,33,None,None,None,None
369958,清次郎の湯 ゆのごう館,http://www.jalan.net/JwsRedirect.do?key=lib151e751a129&rd_key=MzY5OTU4LCwsLDEsMSwsLCwsLCwwMSwwMA==,岡山県,津山・美作三湯・蒜山,美作・湯郷,岡山県美作市湯郷９０６－１,旅館,鉄人料理人　大田忠道プロデュースの名物料理を楽しめる料理宿。岡山食材を集めた「岡山特選会席」や、朝食の「野菜しゃぶしゃぶ」食べ放題が名物。大きな露天風呂と、ファミリーに嬉しい貸切風呂も人気。,【夕食4.7点】鉄人プロデュースの料理と広々露天風呂が人気！,7020,34.9887455555556,134.134281111111,2018-08-09 17:02:50,2018-08-09 17:02:50,3.8,4,4,4,5,4,3,33,湯郷温泉,反省,反省,湯郷温泉
370233,和気鵜飼谷温泉,http://www.jalan.net/JwsRedirect.do?key=lib151e751a129&rd_key=MzcwMjMzLCwsLDEsMSwsLCwsLCwwMSwwMA==,岡山県,津山・美作三湯・蒜山,美作・湯郷,岡山県和気郡和気町益原６６６－１,旅館,山陽自動車道　和気ＩＣから約１０分♪<BR>広々とした温泉でお寛ぎを。<BR>岡山県では珍しく泉温４０℃のアルカリ性単純温泉です。<BR>屋内温水プールもございます。<BR>家族全員でお楽しみいただけます。,太陽と緑と温泉に憩う　健康郷,6000,34.8101777777778,134.147096388889,2018-08-09 17:03:10,2018-08-09 17:03:10,4.2,4,4,4,4,4,4,33,ビール,連休,連休,ビール
370543,笠岡グランドホテル,http://www.jalan.net/JwsRedirect.do?key=lib151e751a129&rd_key=MzcwNTQzLCwsLDEsMSwsLCwsLCwwMSwwMA==,岡山県,倉敷・総社・井笠,総社・井原・笠岡,岡山県笠岡市五番町６－２０,ホテル,古き良き時代の名残を残し、広々としたお部屋があなたをお待ちしています。笠岡ゆかりの芸術家達の秀作を集めたミュージアムも無料でお楽しみ頂けます。井笠周辺の出張そして笠岡諸島の観光に便利！,ミュージアムのある笠岡のシティホテル　笠岡への観光・出張に,6500,34.4950483333333,133.516416111111,2018-08-09 17:03:10,2018-08-09 17:03:10,3.3,4,3,3,0,4,3,33,空間,安心感,安心感,空間
371043,津山国際ホテル,http://www.jalan.net/JwsRedirect.do?key=lib151e751a129&rd_key=MzcxMDQzLCwsLDEsMSwsLCwsLCwwMSwwMA==,岡山県,津山・美作三湯・蒜山,津山・奥津,岡山県津山市山下９８番地２,ホテル,“城下町の格調と都会のセンス”が、当館の変わらないテーマです。「津山ホルモンうどん」で沸き立つこのエリアで、お客さまの満足を一番に、温かなサービスでおもてなしいたします♪,津山駅から徒歩７分！ビジネスやご旅行にピッタリの快適ホテル♪,4500,35.0587266666667,134.007351666667,2018-08-09 17:03:10,2018-08-09 17:03:10,3.5,3,3,3,3,4,4,33,津山市,津山,津山,津山市
371386,暮らしの宿 てまり,http://www.jalan.net/JwsRedirect.do?key=lib151e751a129&rd_key=MzcxMzg2LCwsLDEsMSwsLCwsLCwwMSwwMA==,岡山県,倉敷・総社・井笠,倉敷・児島・鷲羽山,岡山県倉敷市本町２－１５　美観堂２Ｆ,民宿,美観地区の中心で、手しごとの品々に触れていただける「暮らしの宿」です。<BR>うつわ、ちゃぶ台、五右衛門風呂。<BR>日本古来のものでありながら現代的なデザインの品々をお楽しみください。,一日一組限定。美観地区の中心で手しごとの品々に触れる滞在を。,10800,34.5935430555556,133.774670277778,2018-08-09 17:03:10,2018-08-09 17:03:10,0,0,0,0,0,0,0,33,None,None,None,None
372058,岡山ロイヤルホテル,http://www.jalan.net/JwsRedirect.do?key=lib151e751a129&rd_key=MzcyMDU4LCwsLDEsMSwsLCwsLCwwMSwwMA==,岡山県,岡山・玉野・牛窓,岡山・玉野,岡山市北区絵図町２－４,ホテル,平面駐車場全80台無料。※大型車（バス・トラック）不可。入出庫24時間OK。個別Wi-Fi設置済。有料チャンネル250コンテンツ有。1階レストラン100席。周辺・コンビニ、牛丼店、うどん店、スポーツクラブあり。,全室個別Wi-Fi設置済。平面駐車場無料♪24時間入出庫可,4000,34.6723708333333,133.922328055556,2018-08-09 17:03:10,2018-08-09 17:03:10,3.6,4,3,4,0,4,3,33,近く,駐車場,駐車場,近く
373527,ホテルマイラ,http://www.jalan.net/JwsRedirect.do?key=lib151e751a129&rd_key=MzczNTI3LCwsLDEsMSwsLCwsLCwwMSwwMA==,岡山県,岡山・玉野・牛窓,岡山・玉野,岡山県岡山市北区錦町８－１６,ホテル,駅前のイオンモール岡山から県庁通りに進み徒歩５分☆観光や街遊び、お買物に人気のスポット♪フロント24時間、ソフトドリンク・アイス無料サービス♪全室シャワートイレ、LAN＆Wi-Fi接続無料♪<BR>,イオンモール岡山まで徒歩５分♪西川沿い♪朝食パン&ドリンク無料,3200,34.6594283333333,133.925210833333,2018-08-09 17:02:50,2018-08-09 17:02:50,4,4,3,3,0,4,4,33,アイス,朝食,朝食,アイス
373780,国民宿舎あわくら荘,http://www.jalan.net/JwsRedirect.do?key=lib151e751a129&rd_key=MzczNzgwLCwsLDEsMSwsLCwsLCwwMSwwMA==,岡山県,津山・美作三湯・蒜山,美作・湯郷,岡山県英田郡西粟倉村影石１２２０,旅館,さわやかな清流と緑の山々に囲まれ、あじさいやホタルなど自然の芸術が満載。<BR>お食事は料理長自慢の料理をご満喫♪<BR>その昔、タヌキが傷を癒したと言われるラジウムが豊富なあわくら温泉をお楽しみ下さい。,ラジウム温泉が自慢！鳥取と岡山の県境に近い自然豊かな山里の宿,4500,35.1815733333333,134.336519722222,2018-08-09 17:02:50,2018-08-09 17:02:50,4.8,4,4,4,5,5,4,33,入浴,リピーター,リピーター,入浴
373845,瀬戸大橋温泉やま幸,http://www.jalan.net/JwsRedirect.do?key=lib151e751a129&rd_key=MzczODQ1LCwsLDEsMSwsLCwsLCwwMSwwMA==,岡山県,倉敷・総社・井笠,倉敷・児島・鷲羽山,岡山県倉敷市下庄１４０―１,ホテル,１泊２食付きプランを家計に優しいリーズナブル価格で!!　コスパに自信の天然温泉ホテル♪　施設は新しくないですが、その分、秋も夕食で頑張ります♪　倉敷に素泊まりや朝食付きで宿泊するなんて損しますよ!!,1泊2食付き　秋も感謝セール♪　自慢できます伊勢海老の舟盛り写真♪,2160,34.6388180555556,133.835351111111,2018-08-09 17:02:50,2018-08-09 17:02:50,4,4,4,4,4,4,4,33,温泉,夕食,夕食,温泉
374120,旬と味覚とおもてなしの宿 湯郷グランドホテル,http://www.jalan.net/JwsRedirect.do?key=lib151e751a129&rd_key=Mzc0MTIwLCwsLDEsMSwsLCwsLCwwMSwwMA==,岡山県,津山・美作三湯・蒜山,美作・湯郷,岡山県美作市湯郷５８１－２,旅館,◆8月25日までちびっこ広場開催♪◆岡山のブランド牛「なぎビーフ」やお値打ちなプランも充実♪◆岩盤浴、貸切ハーブ風呂、足湯、温泉卓球も旅の楽しみ♪◆コインランドリーもありビジネスにも最適♪,岡山駅からの無料送迎バス大好評♪　歩いて温泉街散策に行けます♪,5000,34.9894147222222,134.139401666667,2018-08-09 17:02:49,2018-08-09 17:02:49,4.1,4,4,4,4,4,4,33,湯郷温泉,ワッフル,ワッフル,湯郷温泉
376861,東横イン 岡山駅西口右,http://www.jalan.net/JwsRedirect.do?key=lib151e751a129&rd_key=Mzc2ODYxLCwsLDEsMSwsLCwsLCwwMSwwMA==,岡山県,岡山・玉野・牛窓,岡山・玉野,岡山県岡山市北区奉還町１－１２－４,ホテル,岡山駅西口から徒歩4分♪ホテル併設62台の駐車場はスムーズなセルフパーキング。朝食無料サービス付!!<BR>,おいでんせ～　お天気♪おかやま,3700,34.6660372222222,133.921769722222,2018-08-09 17:03:10,2018-08-09 17:03:10,0,0,0,0,0,0,0,33,None,None,None,None
377068,蒜山高原 癒しの森 一棟まるごと貸切 コテージこもれび,http://www.jalan.net/JwsRedirect.do?key=lib151e751a129&rd_key=Mzc3MDY4LCwsLDEsMSwsLCwsLCwwMSwwMA==,岡山県,津山・美作三湯・蒜山,湯原・蒜山高原,岡山県真庭市蒜山下徳山１０８９－２２６,貸別荘,「西の軽井沢」蒜山高原の真中にあり、蒜山ICからも５分とアクセス良好!!<BR>ローソン・セブンイレブンまでどちらも車で３分♪急な買い物も心配ないさ～♪,【一棟貸切コテージ】大自然にかこまれて心も体もリフレッシュ！,28000,35.293115,133.626008611111,2018-08-09 17:03:10,2018-08-09 17:03:10,4.6,5,3,0,0,5,5,33,気配り,満足,満足,気配り
377248,ベネフィットホテル ほんまち,http://www.jalan.net/JwsRedirect.do?key=lib151e751a129&rd_key=Mzc3MjQ4LCwsLDEsMSwsLCwsLCwwMSwwMA==,岡山県,岡山・玉野・牛窓,岡山・玉野,岡山県岡山市北区本町４－２０,ホテル,ぐっすり眠れる安らぎの空間…　家庭的なホテルを形にしたホテルです。皆様との出会いを大切に、人様の「おかげ」を忘れないために…【お・か・げ・さ・ま】＝Benefitそんな空間をご案内します。　<BR>　　<BR>,岡山駅より徒歩5分、ぐっすり眠れる安らぎの空間を形にしました,2600,34.6615125,133.924378888889,2018-08-09 17:03:10,2018-08-09 17:03:10,3.3,3,3,3,0,4,3,33,岡山,駅,駅,岡山
377760,作州武蔵温泉 ホテル作州武蔵,http://www.jalan.net/JwsRedirect.do?key=lib151e751a129&rd_key=Mzc3NzYwLCwsLDEsMSwsLCwsLCwwMSwwMA==,岡山県,津山・美作三湯・蒜山,美作・湯郷,岡山県美作市大町８７８,ホテル,【夏限定クーポン配布中】女性にうれしい美肌効果もあるといわれるアルカリ性のやさしい温泉。ご夕食はリーズナブルで最高級の味が自慢！夕食ＢＢＱ飲み放題プラン登場★星空★最高のロケーション<BR>,【夏の旅行応援☆20枚限定クーポン】早い者勝ち！1000円・2000円,4800,35.0568377777778,134.208921111111,2018-08-09 17:02:50,2018-08-09 17:02:50,0,0,0,0,0,0,0,33,None,None,None,None
378414,苫田温泉 いやしの宿 泉水,http://www.jalan.net/JwsRedirect.do?key=lib151e751a129&rd_key=Mzc4NDE0LCwsLDEsMSwsLCwsLCwwMSwwMA==,岡山県,岡山・玉野・牛窓,岡山・玉野,岡山県岡山市北区栢谷１４２６－２,旅館,山陽自動車道岡山ＩＣより約６分。東西南北アクセスには大変便利。源泉１００%天然ラドン泉で体をいやし、自慢の瀬戸内の旬のお料理でおもてなしをいたします,源泉１００%天然ラドン療養泉掛け流し岩風呂を有した閑静な宿,5400,34.7246088888889,133.9191425,2018-08-09 17:02:50,2018-08-09 17:02:50,3.9,4,4,4,4,4,4,33,夕食,辺り,辺り,夕食
378545,岡山シティホテル厚生町,http://www.jalan.net/JwsRedirect.do?key=lib151e751a129&rd_key=Mzc4NTQ1LCwsLDEsMSwsLCwsLCwwMSwwMA==,岡山県,岡山・玉野・牛窓,岡山・玉野,岡山県岡山市北区厚生町３－１－２０,ホテル,お仕事・観光に交通便利で、ご宿泊の方には無料駐車場（普通車）もたっぷりです。<BR>高さ2.2ｍ長さ5.2ｍまで（トラック不可）　　全室wi-fiご利用いただけます。<BR>,お仕事・観光に便利、ご宿泊の方には無料駐車場（普通車のみ）あり,4500,34.6533838888889,133.913810555556,2018-08-09 17:02:49,2018-08-09 17:02:49,4.2,4,4,4,4,4,4,33,駐車場,パン屋,パン屋,駐車場
379270,森遊び体験ができる宿 ペンション&コテージ 森の散歩,http://www.jalan.net/JwsRedirect.do?key=lib151e751a129&rd_key=Mzc5MjcwLCwsLDEsMSwsLCwsLCwwMSwwMA==,岡山県,津山・美作三湯・蒜山,湯原・蒜山高原,岡山県真庭市蒜山本茅部５９６－５５,貸別荘,【グランピングプラン】でBBQを楽しめる♪<BR>BBQグリルを囲んで、仲間や家族でワイワイと盛り上がろう！<BR>さらに【渓流釣り】や【蕎麦打ち】などのオプションあメニューを追加して、旅をより良いものに！,屋根付きBBQガーデンでグランピングができる貸切ログハウス♪,6870,35.2629261111111,133.600175277778,2018-08-09 17:02:50,2018-08-09 17:02:50,4.8,5,5,5,5,5,5,33,本,アマゴ,アマゴ,本
380080,貸別邸 欅庵,http://www.jalan.net/JwsRedirect.do?key=lib151e751a129&rd_key=MzgwMDgwLCwsLDEsMSwsLCwsLCwwMSwwMA==,岡山県,津山・美作三湯・蒜山,湯原・蒜山高原,岡山県真庭市蒜山富山根３０２－３,貸別荘,ゆとりの空間からの蒜山高原のリゾート・観光をお楽しみください。,貸別邸　欅菴は四季折々の風景を愉しめる宿泊・滞在をご提供します,25000,35.2762638888889,133.674455555556,2018-08-09 17:03:10,2018-08-09 17:03:10,0,0,0,0,0,0,0,33,None,None,None,None
381630,ホテルレポーゼ岡山(KOSCOINNグループ),http://www.jalan.net/JwsRedirect.do?key=lib151e751a129&rd_key=MzgxNjMwLCwsLDEsMSwsLCwsLCwwMSwwMA==,岡山県,岡山・玉野・牛窓,岡山・玉野,岡山県岡山市北区表町３－１９－２１,ホテル,★車無し・立体駐車場利用プランがお得です<BR>★岡山駅から路面電車で10分、大雲寺電停すぐそば！<BR>★朝食無料サービス付<BR>★24時間フリードリンクサービス<BR>★無線LAN完備<BR>,★1日限定５室★　特別謝恩プラン　★無料バイキング朝食付き★,2000,34.6535425,133.929366111111,2018-08-09 17:02:50,2018-08-09 17:02:50,3.7,4,3,3,0,4,3,33,岡山駅,フロント,フロント,岡山駅
381860,津山セントラルホテル 新館アネックス(BBHホテルグループ),http://www.jalan.net/JwsRedirect.do?key=lib151e751a129&rd_key=MzgxODYwLCwsLDEsMSwsLCwsLCwwMSwwMA==,岡山県,津山・美作三湯・蒜山,津山・奥津,岡山県津山市大手町７－１,ホテル,8/4～5津山市夏祭り開催の為22時まで駐車場のご案内はできません。詳細はホテルまでご確認をお願いいたします。<BR><BR><BR><BR><BR><BR><BR>　<BR>,津山中心地に立地　観光にビジネスに食事場所にも近く　便利です。,3758,35.0571925,134.00545,2018-08-09 17:03:17,2018-08-09 17:03:17,3.3,3,3,3,0,3,3,33,夜景,商店街,商店街,夜景
382105,倉敷美観地区 吉井旅館,http://www.jalan.net/JwsRedirect.do?key=lib151e751a129&rd_key=MzgyMTA1LCwsLDEsMSwsLCwsLCwwMSwwMA==,岡山県,倉敷・総社・井笠,倉敷・児島・鷲羽山,岡山県倉敷市本町１―２９,旅館,坂本龍馬も訪れた、築270年の伝統的建築物を利用した町家旅館。<BR>ゆったりと時間が流れる「倉敷時間」「吉井時間」の中で、瀬戸内の旬の産物を使った、心づくしの懐石料理をご堪能ください。,★2010年度、倉敷美観地区は「美しいまちなみ大賞」を受賞★,24300,34.593225,133.775652777778,2018-08-09 17:02:50,2018-08-09 17:02:50,4.6,5,4,4,4,5,5,33,家族旅行,歴史,歴史,家族旅行
383884,サウナ&カプセルハリウッド駅前店,http://www.jalan.net/JwsRedirect.do?key=lib151e751a129&rd_key=MzgzODg0LCwsLDEsMSwsLCwsLCwwMSwwMA==,岡山県,岡山・玉野・牛窓,岡山・玉野,岡山県岡山市北区駅前町１―２－１６,ホテル,【男性専用施設です】　岡山駅東口より徒歩１分。　観光拠点にビジネス出張に便利。　大浴場、共用休憩室、スナックコーナーでごゆっくりとお過ごしください。,岡山駅東口より徒歩１分。　観光拠点にビジネス出張に便利。,2950,34.6630958333333,133.922663611111,2018-08-09 17:02:50,2018-08-09 17:02:50,3.9,4,4,3,4,4,4,33,利用,卵かけご飯,卵かけご飯,利用
385011,公共の宿 神原荘(こうばらそう),http://www.jalan.net/JwsRedirect.do?key=lib151e751a129&rd_key=Mzg1MDExLCwsLDEsMSwsLCwsLCwwMSwwMA==,岡山県,高梁・新見・吉備高原,高梁・川上・成羽,岡山県高梁市松原町神原２２８１－３,民宿,“備中の小京都”と呼ばれる高梁市（たかはしし）にある公共の宿です。<BR>観光はもちろん神原スポーツ公園も徒歩3分の好立地！合宿や研修にも最適です。<BR>2016年にOPENした高梁市図書館や蔦屋書店も車で15分,四季の自然を感じる宿。週末UP料金なし★大浴場付きが魅力！,3900,34.8079866666667,133.595253055556,2018-08-09 17:03:10,2018-08-09 17:03:10,0,0,0,0,0,0,0,33,None,None,None,None
385256,アパホテル<倉敷駅前>,http://www.jalan.net/JwsRedirect.do?key=lib151e751a129&rd_key=Mzg1MjU2LCwsLDEsMSwsLCwsLCwwMSwwMA==,岡山県,倉敷・総社・井笠,倉敷・児島・鷲羽山,岡山県倉敷市阿知１－７－２－９０１,ホテル,■9月15日（土）リニューアルオープン！<BR>ベッド・テレビ50型・入口扉・壁紙・机椅子・家電一新、ユニットバス（一部）<BR>■リニューアル工事<BR>ご迷惑をお掛けしますが、ご理解ご協力宜しくお願い致します。,JR倉敷駅南口すぐ徒歩1分！抜群のアクセス！,3250,34.5977255555556,133.768463888889,2018-08-09 17:02:50,2018-08-09 17:02:50,3.3,3,3,3,0,4,3,33,声,倉敷駅,倉敷駅,声
385455,岡山いこいの村,http://www.jalan.net/JwsRedirect.do?key=lib151e751a129&rd_key=Mzg1NDU1LCwsLDEsMSwsLCwsLCwwMSwwMA==,岡山県,岡山・玉野・牛窓,牛窓・日生,岡山県瀬戸内市邑久町虫明大平山５６５２－１１,ホテル,瀬戸内海の絶景を望む宿。春には2500本の桜、夏は海水浴、秋は椎茸狩り、冬はカキ料理…。一年を通して展望風呂から見られる美しい朝日にはため息が。エミューやヤギと触れ合える体験付きプランも人気です。,朝日百選★絶景の宿＆愛犬同伴OKの宿,6500,34.6951577777778,134.227158888889,2018-08-09 17:02:50,2018-08-09 17:02:50,3.9,4,4,4,4,4,4,33,桜,動物,動物,桜
386386,蒜山高原を楽しむ四季リゾート ホテル蒜山ヒルズ,http://www.jalan.net/JwsRedirect.do?key=lib151e751a129&rd_key=Mzg2Mzg2LCwsLDEsMSwsLCwsLCwwMSwwMA==,岡山県,津山・美作三湯・蒜山,湯原・蒜山高原,岡山県真庭市蒜山富山根６９４－１２９,ホテル,１年で一番爽やかな高原を感じていただけます♪深緑の中、カッコウやキジの声を聞きながらのサイクリングは最高です！暑さ厳しい市街地から、避暑に出かけませんか？,新緑から深緑へ♪♪爽やかな風の中サイクリングで蒜山を満喫,5200,35.2916819444444,133.670655555556,2018-08-09 17:02:50,2018-08-09 17:02:50,4,4,4,4,4,4,4,33,パンケーキ,部屋数,部屋数,パンケーキ
386782,くれたけイン岡山,http://www.jalan.net/JwsRedirect.do?key=lib151e751a129&rd_key=Mzg2NzgyLCwsLDEsMSwsLCwsLCwwMSwwMA==,岡山県,岡山・玉野・牛窓,岡山・玉野,岡山県岡山市北区柳町２ー１２－１３,ホテル,岡山の繁華街・中央町・田町の目の前。<BR>市役所まで徒歩2分！<BR>無料朝食、生ビールありハッピーアワー充実したサービス！,岡山駅東口より徒歩約15分。くれたけホテルチェーン岡山初出店！,3100,34.6533966666667,133.923081388889,2018-08-09 17:02:50,2018-08-09 17:02:50,0,0,0,0,0,0,0,33,None,None,None,None
387296,ホテルリバーサイド,http://www.jalan.net/JwsRedirect.do?key=lib151e751a129&rd_key=Mzg3Mjk2LCwsLDEsMSwsLCwsLCwwMSwwMA==,岡山県,岡山・玉野・牛窓,岡山・玉野,岡山県岡山市北区錦町４－１１,ホテル,★岡山駅東口より徒歩約7分!繁華街/コンヒ゛ニすぐの好立地♪★<BR>★フリート゛リンク゛＆ハ°ン＆卵の朝食無料サービス付!<BR>★男性専用大浴場＆サウナでゆっくりと★<BR>★Wi-Fi完備でヒ゛シ゛ネス応援!★<BR>,格安でお泊りいただける駅近の宿ならココ！　カプセルルームもあり,1890,34.6602063888889,133.925144722222,2018-08-09 17:03:10,2018-08-09 17:03:10,3.4,3,3,3,0,3,3,33,パン,食パン,食パン,パン
387887,矢掛屋 INN&SUITES,http://www.jalan.net/JwsRedirect.do?key=lib151e751a129&rd_key=Mzg3ODg3LCwsLDEsMSwsLCwsLCwwMSwwMA==,岡山県,倉敷・総社・井笠,総社・井原・笠岡,岡山県小田郡矢掛町矢掛３０５０－１,ホテル,矢掛屋は通常通り営業しております。美星天文台や倉敷美観地区も通常営業ですので安心してお越しください。美星天文台まで車で15分　倉敷美観地区より車で約30分　尾道、鞆の浦より車で約50分。,祝！日本初　アルベルゴ　ディフーゾ（分散型ホテル）認定,4500,34.6205480555556,133.591542777778,2018-08-09 17:02:50,2018-08-09 17:02:50,4.5,4,4,4,4,4,5,33,夕食,古民家,古民家,夕食
387946,(棚田と雲海のお宿)阿吽山房,http://www.jalan.net/JwsRedirect.do?key=lib151e751a129&rd_key=Mzg3OTQ2LCwsLDEsMSwsLCwsLCwwMSwwMA==,岡山県,津山・美作三湯・蒜山,津山・奥津,岡山県久米郡美咲町境２３３５―３,民宿,棚田と雲海に囲まれた、静かな山里にある小さな宿。<BR>朝は野鳥のさえずりで目覚め、夜は満天の星空の下で眠りにつく・・・小さいけれど古材をふんだんに使用した趣きのあるおしゃれな宿です。,ヒーリングステイ,16200,34.9425222222222,133.913307777778,2018-08-09 17:03:10,2018-08-09 17:03:10,5,5,4,5,5,5,5,33,器,料理,料理,器
388332,ファミリーロッジ旅籠屋・津山店,http://www.jalan.net/JwsRedirect.do?key=lib151e751a129&rd_key=Mzg4MzMyLCwsLDEsMSwsLCwsLCwwMSwwMA==,岡山県,津山・美作三湯・蒜山,津山・奥津,岡山県津山市院庄１０３７－７,ホテル,広い客室にクイーンサイズベッド２台を配置した人気のロードサイドホテル。朝軽食・WiFi＆ネット接続・駐車場いずれも無料。コインランドリーあり。ご家族、カップルやグループ、ビジネスにも最適。<BR>,自由な旅に最適な、話題のアメリカンスタイルのホテル。軽朝食無料,2835,35.0563086111111,133.95009,2018-08-09 17:03:10,2018-08-09 17:03:10,5,5,4,4,0,4,5,33,掃除,コーヒー,コーヒー,掃除
388884,チサンイン倉敷水島,http://www.jalan.net/JwsRedirect.do?key=lib151e751a129&rd_key=Mzg4ODg0LCwsLDEsMSwsLCwsLCwwMSwwMA==,岡山県,倉敷・総社・井笠,倉敷・児島・鷲羽山,岡山県倉敷市東塚１－９－１,ホテル,水島ICより車で10分！平面無料駐車場完備、小学生以下のお子様は宿泊無料。<BR>幅160cmのダブルベッドと足を伸ばせる広々ユニットバスを全室に採用。<BR>リーズナブルな料金で快適な空間をご提供いたします。,国道430号線沿いでビジネス・観光に便利なアクセス。駐車場無料！,2340,34.5200508333333,133.761906944444,2018-08-09 17:02:50,2018-08-09 17:02:50,4.2,4,4,3,0,4,4,33,ロフト,小学生,小学生,ロフト
388993,倉敷ビジネスホテル水島,http://www.jalan.net/JwsRedirect.do?key=lib151e751a129&rd_key=Mzg4OTkzLCwsLDEsMSwsLCwsLCwwMSwwMA==,岡山県,倉敷・総社・井笠,倉敷・児島・鷲羽山,岡山県倉敷市水島南幸町１－８,ホテル,倉敷市街へ車で約20分。水島臨海鉄道・栄駅より徒歩約10分の好立地！<BR>繁華街やコンビニも近くビジネスに観光に便利です。<BR>無料駐車場をご用意してお待ちしております。,水島工業地帯へ車10分！　１泊4100円～お泊り頂けます。,4100,34.533965,133.742688611111,2018-08-09 17:03:10,2018-08-09 17:03:10,3,3,3,0,0,3,3,33,人,価格,価格,人
389928,蒜山インターホテル,http://www.jalan.net/JwsRedirect.do?key=lib151e751a129&rd_key=Mzg5OTI4LCwsLDEsMSwsLCwsLCwwMSwwMA==,岡山県,津山・美作三湯・蒜山,湯原・蒜山高原,真庭市蒜山上徳山１０２６－１,ホテル,蒜山インターを起点にして広がる全方向快適ランド。ビジネスに、レジャーに利用度満点。部屋の外は田舎の風景が広がり、部屋はゆったりとしたスペース。全体として都会的雰囲気を持つＢ＆Ｂホテル,蒜山インターから800mの至近距離お車のお客様には絶好のアクセス,5184,35.2717008333333,133.61617,2018-08-09 17:03:10,2018-08-09 17:03:10,0,0,0,0,0,0,0,33,None,None,None,None
389946,竹林の中の美人湯・離れ露天風呂 やさしさの宿 竹亭,http://www.jalan.net/JwsRedirect.do?key=lib151e751a129&rd_key=Mzg5OTQ2LCwsLDEsMSwsLCwsLCwwMSwwMA==,岡山県,津山・美作三湯・蒜山,美作・湯郷,岡山県美作市湯郷６２２―１,旅館,"【貸切風呂無料特典】約11品の会席料理≪お一人様8,980円～！≫■【人気プラン】部屋ＵＰ＆貸切風呂＆部屋食特典6480円以上お得♪　■竹林に佇む露天風呂■貸切風呂無料プラン多数■津山から車で30分！",夏にピッタリ☆のプランいろいろ♪竹亭ミニ縁日も大好評です！,5000,34.9910569444444,134.137706666667,2018-08-09 17:02:49,2018-08-09 17:02:49,4.2,4,4,4,4,4,4,33,風呂,露天風呂,露天風呂,風呂
390850,ファミリーロッジ旅籠屋・井原店,http://www.jalan.net/JwsRedirect.do?key=lib151e751a129&rd_key=MzkwODUwLCwsLDEsMSwsLCwsLCwwMSwwMA==,岡山県,倉敷・総社・井笠,総社・井原・笠岡,岡山県井原市笹賀町１－１３－３,ホテル,広い客室にクイーンサイズベッド２台を配置した人気のロードサイドホテル。<BR>朝軽食・WiFi＆ネット接続・駐車場いずれも無料。コインランドリーあり。<BR>ご家族、カップルやグループ、ビジネスにも最適。<BR>,自由な旅に最適な、話題のアメリカンスタイルのホテル。軽朝食無料,2835,34.5865594444444,133.4441625,2018-08-09 17:03:10,2018-08-09 17:03:10,0,0,0,0,0,0,0,33,None,None,None,None
391032,ホテルサンプラザ倉敷,http://www.jalan.net/JwsRedirect.do?key=lib151e751a129&rd_key=MzkxMDMyLCwsLDEsMSwsLCwsLCwwMSwwMA==,岡山県,倉敷・総社・井笠,倉敷・児島・鷲羽山,倉敷市石見町1-5,ホテル,ロープライスで快適♪アットホームなホテル♪<BR>マンションタイプ和室は小学生未満添寝無料でお得♪ロビーにて挽きたてコーヒーサービス♪<BR>三井アウトレットへ徒歩２分と最も近いホテル♪　全室Ｗｉ-Ｆｉ♪,ロープライス＆快適♪倉敷駅から徒歩２分♪最大２９時間無料駐車場,2050,34.5979988888889,133.766765833333,2018-08-09 17:02:49,2018-08-09 17:02:49,3.6,3,3,4,0,4,3,33,ホテル,倉敷駅,倉敷駅,ホテル
391212,サントピア岡山総社,http://www.jalan.net/JwsRedirect.do?key=lib151e751a129&rd_key=MzkxMjEyLCwsLDEsMSwsLCwsLCwwMSwwMA==,岡山県,倉敷・総社・井笠,総社・井原・笠岡,岡山県総社市秦１２１５,ホテル,レジャープール（夏季）をはじめ、体育館、フットサル、テニス、ペタンク、グラウンドゴルフ、散策など思い思いに自然をご満喫いただけます。カップルで、ご家族で、記念日に、ぜひお越し下さいませ。,滞在型リゾート施設で年中楽しさ満載♪いっぺん総社へ来て見られ～,5076,34.6808033333333,133.714952777778,2018-08-09 17:02:50,2018-08-09 17:02:50,4.1,4,4,4,4,4,4,33,大人,物,物,大人
392540,岡山ユニバーサルホテル 第二別館,http://www.jalan.net/JwsRedirect.do?key=lib151e751a129&rd_key=MzkyNTQwLCwsLDEsMSwsLCwsLCwwMSwwMA==,岡山県,岡山・玉野・牛窓,岡山・玉野,岡山県岡山市北区表町３－１８－６０,ホテル,いままでこんなホテルありましたか？<BR>なんと！朝食も夕食も無料！<BR>朝食は26種類の和洋バイキング♪<BR>夕食は毎日替わる日替定食かカレー定食のチョイス<BR>温泉大浴場と遠赤外線低温サウナもあって大満足！,朝食無料・和洋バイキング/夕食無料・日替定食/温泉＆サウナ無料,5560,34.6542347222222,133.929313888889,2018-08-09 17:03:10,2018-08-09 17:03:10,3,3,3,3,3,3,3,33,部屋,サラダバー,サラダバー,部屋
392669,倉敷のゲストハウス かくれ宿Yuji-inn(ゆうじいん),http://www.jalan.net/JwsRedirect.do?key=lib151e751a129&rd_key=MzkyNjY5LCwsLDEsMSwsLCwsLCwwMSwwMA==,岡山県,倉敷・総社・井笠,倉敷・児島・鷲羽山,岡山県倉敷市中央１－１０－１６,旅館,昔旅館だった建物をゲストハウスにＤＩＹ★古宿の雰囲気と畳で昔ながらの暮らしを体験♪家族、友人、一人旅でもユックリくつろげます。ゲストさん同士やオーナーとも交流が楽しめるゲストハウスです！,美観地区内にご家族でも楽しめる隠れ家的、交流型ゲストハウス♪,3800,34.5911677777778,133.773970277778,2018-08-09 17:03:10,2018-08-09 17:03:10,4.3,5,4,0,0,4,4,33,心遣い,帰り,帰り,心遣い
394025,ヴィアイン岡山,http://www.jalan.net/JwsRedirect.do?key=lib151e751a129&rd_key=Mzk0MDI1LCwsLDEsMSwsLCwsLCwwMSwwMA==,岡山県,岡山・玉野・牛窓,岡山・玉野,岡山県岡山市北区駅元町１番２５号,ホテル,☆JR西日本グループ☆<BR>JR岡山駅と直結で、雨天時も濡れずにご来館頂けます♪<BR>全プラン無料朝食付♪全室Wi-Fi対応☆<BR>駅を行き交う列車や夜景も一望する事が出来ます。,岡山駅改札から一番近い☆　2017年中四国売れた宿第1位受賞！！,3150,34.6627588888889,133.9194875,2018-08-09 17:02:49,2018-08-09 17:02:49,4.1,4,4,4,0,4,4,33,新幹線,岡山,岡山,新幹線
395645,ペンション みかんの郷,http://www.jalan.net/JwsRedirect.do?key=lib151e751a129&rd_key=Mzk1NjQ1LCwsLDEsMSwsLCwsLCwwMSwwMA==,岡山県,岡山・玉野・牛窓,牛窓・日生,岡山県備前市日生町日生３６３８－３６,ペンション,日生諸島を望む鹿久居島にある眺望絶景のペンション。<BR>新鮮な魚介類と、完全無農薬で育てたオーガニック野菜でおもてなし。<BR>平成27年に備前日生大橋が架かり、お車で来ていただけるようになりました。,眺望絶景!!　全室オーシャンビュー,4000,34.7057875,134.295480277778,2018-08-09 17:03:10,2018-08-09 17:03:10,0,0,0,0,0,0,0,33,None,None,None,None
395754,くつろぎとにぎわいの宿 ゆのごう美春閣,http://www.jalan.net/JwsRedirect.do?key=lib151e751a129&rd_key=Mzk1NzU0LCwsLDEsMSwsLCwsLCwwMSwwMA==,岡山県,津山・美作三湯・蒜山,美作・湯郷,岡山県美作市中山１１４４,旅館,ご年配の方から小さなお子様までお楽しみいただける旅館<BR>料理長こだわりの四季彩豊かな会席を取り揃え、大好評のビンゴ大会や昨春オープンのハローキティ　ルームと朝食和食バイキングなど楽しみ方満載！<BR>,【県内最大級の旅館】×【ご家族で楽しめるアットホームな宿】,7560,35.000545,134.131823333333,2018-08-09 17:02:50,2018-08-09 17:02:50,4.1,4,4,4,4,4,4,33,食事,部屋食,部屋食,食事
396040,倉敷ゲストハウス 有鄰庵(ゆうりんあん),http://www.jalan.net/JwsRedirect.do?key=lib151e751a129&rd_key=Mzk2MDQwLCwsLDEsMSwsLCwsLCwwMSwwMA==,岡山県,倉敷・総社・井笠,倉敷・児島・鷲羽山,岡山県倉敷市本町２－１５,旅館,ひとり旅でも友達どうしでも、ゲストハウスならいつもの旅行がもっと楽しくなります♪<BR>みんなが集まる18時30分ちょうどのチェックインがオススメ☆<BR><BR>朝食にはこだわりの「たまごかけごはん」をどうぞ◎,美観地区のど真ん中、国内外の旅人と縁をひろげる古民家＊,3240,34.5934719444444,133.774592222222,2018-08-09 17:02:50,2018-08-09 17:02:50,4.4,4,4,0,0,4,4,33,宿,他,他,宿
396513,民宿 南風荘,http://www.jalan.net/JwsRedirect.do?key=lib151e751a129&rd_key=Mzk2NTEzLCwsLDEsMSwsLCwsLCwwMSwwMA==,岡山県,岡山・玉野・牛窓,牛窓・日生,岡山県瀬戸内市牛窓町牛窓６０９０－１,民宿,大将も海へ出ています☆新鮮とれたて　お魚自慢の宿　フェリーで５分　のどかな島でお腹いっぱいお魚を満喫☆フェリーは毎時６時から２２時　ビーチ徒歩５分　当館のいけすは瀬戸内海☆普段とは違う休日を！,☆夕食4.9点！島のボリューム満点海鮮料理☆魚も野菜も地産地消！,5800,34.6021402777778,134.177226388889,2018-08-09 17:02:50,2018-08-09 17:02:50,0,0,0,0,0,0,0,33,None,None,None,None
398042,コテージ楽寛創,http://www.jalan.net/JwsRedirect.do?key=lib151e751a129&rd_key=Mzk4MDQyLCwsLDEsMSwsLCwsLCwwMSwwMA==,岡山県,津山・美作三湯・蒜山,湯原・蒜山高原,岡山県真庭市蒜山湯船１０－９,貸別荘,西の軽井沢「国立公園　蒜山」で楽しい休日を過ごしましょ♪魚釣り・サイクリング・登山・ジャージー牛とのふれ合い・大自然を満喫するなら、ここで決まり！冬季積雪の為オープンは3/20～ご予約はお早めに！,蒜山高原の　楽しい！寛ぎ！創造の「らっ・かん・そう♪」,28000,35.2974802777778,133.637043333333,2018-08-09 17:03:10,2018-08-09 17:03:10,3.3,3,4,0,0,4,3,33,ホコリ,庭,庭,ホコリ
398108,瀬戸の華,http://www.jalan.net/JwsRedirect.do?key=lib151e751a129&rd_key=Mzk4MTA4LCwsLDEsMSwsLCwsLCwwMSwwMA==,岡山県,岡山・玉野・牛窓,牛窓・日生,岡山県瀬戸内市牛窓町牛窓１６０５－９,民宿,おとな旅あるき旅「日生」の旅で放送されました！<BR>全日『料金一律』<BR>日本のエーゲ海といわれる程の美しい瀬戸内海が<BR>お部屋・お風呂…当館の敷地内から一望できます。<BR>ご夫婦やご家族でのんびりどうぞ☆,輝く瀬戸内海の景色を愉しむ。岡山・牛窓への出張や観光の拠点に◎,5150,34.6245116666667,134.179586388889,2018-08-09 17:03:10,2018-08-09 17:03:10,4.6,4,4,5,5,5,4,33,海,星,星,海
398814,むさしや旅館,http://www.jalan.net/JwsRedirect.do?key=lib151e751a129&rd_key=Mzk4ODE0LCwsLDEsMSwsLCwsLCwwMSwwMA==,岡山県,津山・美作三湯・蒜山,湯原・蒜山高原,岡山県真庭市蒜山中福田１３８－３,旅館,コテージが多い蒜山エリアにある旅館。旅館ならではの和会席と和室でおもてなし。<BR>蒜山観光や登山・サイクリングの拠点としてお気軽にご利用下さい。<BR><BR>★365日同料金！人数による値上げもありません。,蒜山ＩＣから5分！観光に便利な全8室のこじんまりとした田舎の宿,6500,35.2761375,133.653615555556,2018-08-09 17:03:10,2018-08-09 17:03:10,5,5,5,4,5,5,4,33,庭,小物,小物,庭
399400,ビジネスホテルなかみ,http://www.jalan.net/JwsRedirect.do?key=lib151e751a129&rd_key=Mzk5NDAwLCwsLDEsMSwsLCwsLCwwMSwwMA==,岡山県,岡山・玉野・牛窓,岡山・玉野,岡山県岡山市西古松１３７,ホテル,岡山市内の静かなビジネスホテル、長期のご滞在も歓迎いたします。岡山駅から車で３分、中心部へのアクセスも充実しておりますのでぜひご利用下さい。ビジネスはもちろん観光の拠点にも便利なホテルです！,低料金・清潔で家庭的なおもてなし！中心部へのアクセスも充実,3500,34.6462661111111,133.914668333333,2018-08-09 17:03:10,2018-08-09 17:03:10,2.3,3,3,0,0,2,3,33,開閉,鍵,鍵,開閉
399467,あわくら温泉 元湯,http://www.jalan.net/JwsRedirect.do?key=lib151e751a129&rd_key=Mzk5NDY3LCwsLDEsMSwsLCwsLCwwMSwwMA==,岡山県,津山・美作三湯・蒜山,美作・湯郷,岡山県英田郡西粟倉村影石２０５０,旅館,こどもとおとなが笑顔で過ごせるアットホームな空間。源泉１００％のラジウム泉の温泉は、宿泊の方のみ朝風呂も。,こどもの笑顔がまんなかにある大きな「家」,3240,35.186395,134.326958888889,2018-08-09 17:03:10,2018-08-09 17:03:10,3.7,4,3,0,0,4,4,33,イス,人気,人気,イス
399615,ホテルエクセル岡山<後楽園・岡山城前>,http://www.jalan.net/JwsRedirect.do?key=lib151e751a129&rd_key=Mzk5NjE1LCwsLDEsMSwsLCwsLCwwMSwwMA==,岡山県,岡山・玉野・牛窓,岡山・玉野,岡山県岡山市北区石関町５－１,ホテル,《2017年リニューアル！シモンズ社製ベッドで更に快適なホテルステイ》日本三名園のひとつ岡山後楽園と岡山城は徒歩圏内。「晴れの国おかやまの旬を味わう“おかやまの朝ごはん”も好評です。,ホテルから散策～岡山後楽園・岡山城へ。見どころ充実のエリア。,3600,34.6627644444444,133.933621666667,2018-08-09 17:02:50,2018-08-09 17:02:50,4,4,3,5,4,4,4,33,岡山城,後楽園,後楽園,岡山城
